gameID,turn,side,move,score
57380690,1,red,C2.5,1.0
57380690,1,black,h2+3,1.0
57380691,1,red,C2.5,1.0
57380691,1,black,h2+3,1.0
57380692,1,red,C8.6,-1.0
57380692,1,black,h8+7,-1.0
57380693,1,red,E3+5,-1.0
57380694,1,red,C8.5,1.0
57380694,1,black,h2+3,1.0
57380695,1,red,H2+3,-1.0
57380696,1,red,H8+7,1.0
57380697,1,red,C2.7,-1.0
57380697,1,black,c8.5,-1.0
57380697,2,red,H2+3,-1.0
57380698,1,red,C8.4,1.0
57380698,1,black,h2+3,1.0
57380699,1,red,C8.5,1.0
57380699,1,black,e3+5,1.0
57380700,1,red,C2.5,1.0
57380700,1,black,h2+3,1.0
57380701,1,red,P3+1,1.0
57380701,1,black,c2.5,1.0
57380701,2,red,H2+3,1.0
57380702,1,red,C8.5,1.0
57380702,1,black,h2+3,1.0
57380703,1,red,E3+5,1.0
57380704,1,red,C2.5,1.0
57380704,1,black,c8+1,1.0
57380704,2,red,R1+1,1.0
57380704,2,black,h8+9,1.0
57380705,1,red,C2.6,-1.0
57380705,1,black,p3+1,-1.0
57380705,2,red,E7+5,-1.0
57380706,1,red,P7+1,1.0
57380706,1,black,e3+5,1.0
57380707,1,red,C2.5,-1.0
57380707,1,black,c2.5,-1.0
57380707,2,red,H2+3,-1.0
57380708,1,red,C2.5,-1.0
57380708,1,black,c2.5,-1.0
57380708,2,red,H2+3,-1.0
57380709,1,red,P3+1,1.0
57380709,1,black,c8.7,1.0
57380709,2,red,E3+5,1.0
57380710,1,red,P3+1,-1.0
57380710,1,black,c8.7,-1.0
57380710,2,red,E3+5,-1.0
57380711,1,red,E3+5,1.0
57380712,1,red,C8.5,1.0
57380712,1,black,h2+3,1.0
57380713,1,red,H2+3,1.0
57380714,1,red,P7+1,1.0
57380714,1,black,c2.6,1.0
57380714,2,red,C2.4,1.0
57380714,2,black,e3+5,1.0
57380715,1,red,C2.5,1.0
57380715,1,black,h8+7,1.0
57380716,1,red,C2.5,-1.0
57380716,1,black,h8+7,-1.0
57380717,1,red,R1+1,1.0
57380717,1,black,c8+7,1.0
57380717,2,red,R9+2,1.0
57380717,2,black,c2+7,1.0
57380717,3,red,C8+2,1.0
57380717,3,black,e7+5,1.0
57380718,1,red,C8.5,-1.0
57380718,1,black,c2.5,-1.0
57380718,2,red,H8+7,-1.0
57380719,1,red,C8.5,-1.0
57380719,1,black,h2+3,-1.0
57380720,1,red,C8.5,-1.0
57380720,1,black,e3+5,-1.0
57380721,1,red,C2.5,-1.0
57380721,1,black,c2.5,-1.0
57380721,2,red,H2+3,-1.0
57380722,1,red,C2.5,-1.0
57380722,1,black,c8.5,-1.0
57380722,2,red,H2+3,-1.0
57380723,1,red,P5+1,-1.0
57380723,1,black,c8.5,-1.0
57380723,2,red,A4+5,-1.0
57380724,1,red,E7+5,1.0
57380725,1,red,C8.4,1.0
57380725,1,black,p3+1,1.0
57380725,2,red,H8+7,1.0
57380726,1,red,C2.5,1.0
57380726,1,black,h2+3,1.0
57380727,1,red,C8.5,1.0
57380727,1,black,h8+7,1.0
57380728,1,red,C2.5,-1.0
57380728,1,black,e3+5,-1.0
57380729,1,red,P3+1,1.0
57380729,1,black,c8.5,1.0
57380729,2,red,H8+7,1.0
57380730,1,red,C2.5,1.0
57380730,1,black,c2.5,1.0
57380730,2,red,H2+3,1.0
57380731,1,red,C2.5,1.0
57380731,1,black,h8+7,1.0
57380732,1,red,P3+1,1.0
57380732,1,black,h2+1,1.0
57380733,1,red,C8.5,1.0
57380733,1,black,h2+3,1.0
57380734,1,red,C2.6,1.0
57380734,1,black,c8.5,1.0
57380734,2,red,H2+3,1.0
57380735,1,red,C8.5,1.0
57380735,1,black,h8+7,1.0
57380736,1,red,E3+5,1.0
57380737,1,red,H2+3,-1.0
57380738,1,red,C2+2,1.0
57380738,1,black,c8.5,1.0
57380738,2,red,H2+3,1.0
57380739,1,red,C2.5,1.0
57380739,1,black,h2+3,1.0
57380740,1,red,C2.5,-1.0
57380740,1,black,e7+5,-1.0
57380741,1,red,E3+5,-1.0
57380742,1,red,E3+5,-1.0
57380743,1,red,C2.6,-1.0
57380743,1,black,c2.5,-1.0
57380743,2,red,H2+3,-1.0
57380744,1,red,H8+7,1.0
57380745,1,red,C8.5,1.0
57380745,1,black,h2+3,1.0
57380746,1,red,C2.5,-1.0
57380746,1,black,h8+7,-1.0
57380747,1,red,H2+3,-1.0
57380748,1,red,P7+1,1.0
57380748,1,black,p7+1,1.0
57380748,2,red,H8+7,1.0
57380749,1,red,C2.7,-1.0
57380749,1,black,e3+5,-1.0
57380750,1,red,C8.4,1.0
57380750,1,black,c2.5,1.0
57380750,2,red,H8+7,1.0
57380751,1,red,H2+3,1.0
57380752,1,red,C2.5,1.0
57380752,1,black,h8+7,1.0
57380753,1,red,C8.5,-1.0
57380753,1,black,h2+3,-1.0
57380754,1,red,C2.5,-1.0
57380754,1,black,h8+7,-1.0
57380755,1,red,P7+1,1.0
57380755,1,black,p7+1,1.0
57380755,2,red,H2+1,1.0
57380756,1,red,C2.5,1.0
57380756,1,black,h8+7,1.0
57380757,1,red,C2.5,-1.0
57380757,1,black,c2.5,-1.0
57380757,2,red,C5+4,-1.0
57380757,2,black,a4+5,-1.0
57380758,1,red,C2.5,1.0
57380758,1,black,a4+5,1.0
57380759,1,red,P7+1,1.0
57380759,1,black,c2.6,1.0
57380759,2,red,C2.4,1.0
57380759,2,black,h2+3,1.0
57380760,1,red,C2.5,1.0
57380760,1,black,e3+5,1.0
57380761,1,red,H2+3,1.0
57380762,1,red,C8.5,1.0
57380762,1,black,c8.5,1.0
57380762,2,red,H8+7,1.0
57380763,1,red,C2.6,1.0
57380763,1,black,c8.5,1.0
57380763,2,red,H2+3,1.0
57380764,1,red,A4+5,1.0
57380765,1,red,C2.5,1.0
57380765,1,black,h2+3,1.0
57380766,1,red,E7+5,1.0
57380767,1,red,C2.4,1.0
57380767,1,black,h2+3,1.0
57380768,1,red,C2.5,-1.0
57380768,1,black,c8+1,-1.0
57380768,2,red,H2+3,-1.0
57380769,1,red,C8.5,1.0
57380769,1,black,e3+5,1.0
57380770,1,red,C2.5,-1.0
57380770,1,black,c8.5,-1.0
57380770,2,red,H2+3,-1.0
57380771,1,red,C8.5,1.0
57380771,1,black,e3+5,1.0
57380772,1,red,C8.5,-1.0
57380772,1,black,h2+3,-1.0
57380773,1,red,C8.5,-1.0
57380773,1,black,h8+7,-1.0
57380774,1,red,E3+5,-1.0
57380775,1,red,C2.5,1.0
57380775,1,black,c2.5,1.0
57380775,2,red,H2+3,1.0
57380776,1,red,C2.6,1.0
57380776,1,black,h8+7,1.0
57380777,1,red,C2.6,-1.0
57380777,1,black,c8.5,-1.0
57380777,2,red,H2+3,-1.0
57380778,1,red,C2.5,1.0
57380778,1,black,h2+3,1.0
57380779,1,red,C2.6,-1.0
57380779,1,black,c8.5,-1.0
57380779,2,red,H2+3,-1.0
57380780,1,red,C2.5,-1.0
57380780,1,black,h2+3,-1.0
57380781,1,red,C2.5,1.0
57380781,1,black,e3+5,1.0
57380782,1,red,C2.5,-1.0
57380782,1,black,h8+7,-1.0
57380783,1,red,E7+5,-1.0
57380784,1,red,E7+5,-1.0
57380785,1,red,C8.4,-1.0
57380785,1,black,p7+1,-1.0
57380785,2,red,H8+7,-1.0
57380786,1,red,C2+2,-1.0
57380786,1,black,h8+7,-1.0
57380787,1,red,P3+1,1.0
57380787,1,black,c2.5,1.0
57380787,2,red,H2+3,1.0
57380788,1,red,C8.5,1.0
57380788,1,black,c2.5,1.0
57380788,2,red,H8+7,1.0
57380789,1,red,C2.6,1.0
57380789,1,black,c2.5,1.0
57380789,2,red,H2+3,1.0
57380790,1,red,C8.4,1.0
57380790,1,black,p3+1,1.0
57380790,2,red,H8+7,1.0
57380791,1,red,C2+2,-1.0
57380791,1,black,c2.5,-1.0
57380791,2,red,C2.7,-1.0
57380791,2,black,h2+3,-1.0
57380792,1,red,C8.5,1.0
57380792,1,black,c2.5,1.0
57380792,2,red,H8+7,1.0
57380793,1,red,C2.5,1.0
57380793,1,black,h8+7,1.0
57380794,1,red,E3+5,1.0
57380795,1,red,C2.5,-1.0
57380795,1,black,c8.5,-1.0
57380795,2,red,C5+4,-1.0
57380795,2,black,a4+5,-1.0
57380796,1,red,P3+1,-1.0
57380796,1,black,c2.4,-1.0
57380796,2,red,H2+3,-1.0
57380797,1,red,C8.5,0.0
57380797,1,black,h2+3,0.0
57380798,1,red,C8.5,-1.0
57380798,1,black,h8+7,-1.0
57380799,1,red,H2+3,1.0
57380800,1,red,H2+3,1.0
57380801,1,red,C2.5,1.0
57380801,1,black,h8+7,1.0
57380802,1,red,C8.5,-1.0
57380802,1,black,h8+7,-1.0
57380803,1,red,C8.5,-1.0
57380803,1,black,h2+3,-1.0
57380804,1,red,P3+1,-1.0
57380804,1,black,e7+5,-1.0
57380805,1,red,C2.6,1.0
57380805,1,black,c2.5,1.0
57380805,2,red,H2+3,1.0
57380806,1,red,C2.5,0.0
57380806,1,black,c8.5,0.0
57380806,2,red,C5+4,0.0
57380806,2,black,a6+5,0.0
57380807,1,red,P7+1,-1.0
57380807,1,black,p7+1,-1.0
57380807,2,red,H2+3,-1.0
57380808,1,red,C2.5,-1.0
57380808,1,black,h8+7,-1.0
57380809,1,red,C2.5,1.0
57380809,1,black,h8+7,1.0
57380810,1,red,C8.5,-1.0
57380810,1,black,h8+7,-1.0
57380811,1,red,C8.4,1.0
57380811,1,black,c2.5,1.0
57380811,2,red,H8+7,1.0
57380812,1,red,C2.5,1.0
57380812,1,black,e3+5,1.0
57380813,1,red,C8.5,-1.0
57380813,1,black,h2+3,-1.0
57380814,1,red,C2.5,-1.0
57380814,1,black,e7+5,-1.0
57380815,1,red,C8.5,-1.0
57380815,1,black,e3+5,-1.0
57380816,1,red,A4+5,1.0
57380817,1,red,C8.4,-1.0
57380817,1,black,c2.6,-1.0
57380817,2,red,H8+7,-1.0
57380818,1,red,A4+5,-1.0
57380819,1,red,C2.5,1.0
57380819,1,black,a6+5,1.0
57380820,1,red,C2.5,-1.0
57380820,1,black,e7+5,-1.0
57380821,1,red,H2+3,1.0
57380822,1,red,P3+1,1.0
57380822,1,black,c8.5,1.0
57380822,2,red,H2+3,1.0
57380823,1,red,C2.5,-1.0
57380823,1,black,c8.5,-1.0
57380823,2,red,H2+3,-1.0
57380824,1,red,C2.5,1.0
57380824,1,black,c8.5,1.0
57380824,2,red,H2+3,1.0
57380826,1,red,P7+1,1.0
57380826,1,black,p7+1,1.0
57380826,2,red,C2.5,1.0
57380826,2,black,c8.5,1.0
57380826,3,red,H8+7,1.0
57380827,1,red,E3+5,1.0
57380829,1,red,E7+5,-1.0
57380830,1,red,P3+1,-1.0
57380830,1,black,c8.4,-1.0
57380830,2,red,H2+3,-1.0
57380831,1,red,C2.5,1.0
57380831,1,black,c8.5,1.0
57380831,2,red,H2+3,1.0
57380832,1,red,P7+1,-1.0
57380832,1,black,c8.5,-1.0
57380832,2,red,H2+3,-1.0
57380833,1,red,P7+1,1.0
57380833,1,black,c8.5,1.0
57380833,2,red,H8+7,1.0
57380834,1,red,E7+5,1.0
57380835,1,red,H2+3,-1.0
57380836,1,red,P7+1,-1.0
57380836,1,black,p7+1,-1.0
57380836,2,red,H8+7,-1.0
57380837,1,red,C2.4,-1.0
57380837,1,black,c2.5,-1.0
57380837,2,red,H8+7,-1.0
57380838,1,red,C2.5,-1.0
57380838,1,black,h2+3,-1.0
57380839,1,red,C2.5,1.0
57380839,1,black,c2.5,1.0
57380839,2,red,H2+3,1.0
57380840,1,red,R1+1,1.0
57380840,1,black,c8+7,1.0
57380840,2,red,C2.5,1.0
57380840,2,black,e7+5,1.0
57380841,1,red,C2.6,-1.0
57380841,1,black,h8+7,-1.0
57380842,1,red,E3+5,1.0
57380843,1,red,E3+5,-1.0
57380844,1,red,C2.5,1.0
57380844,1,black,c8.5,1.0
57380844,2,red,C5+4,1.0
57380844,2,black,a4+5,1.0
57380845,1,red,C8.5,1.0
57380845,1,black,c8.5,1.0
57380845,2,red,H8+7,1.0
57380846,1,red,C2.5,1.0
57380846,1,black,h8+7,1.0
57380847,1,red,H8+7,1.0
57380848,1,red,C2.6,1.0
57380848,1,black,c8.5,1.0
57380848,2,red,H2+3,1.0
57380849,1,red,P9+1,1.0
57380849,1,black,c2.5,1.0
57380849,2,red,H8+7,1.0
57380850,1,red,C8.5,1.0
57380850,1,black,h2+3,1.0
57380851,1,red,C2.6,1.0
57380851,1,black,c8.5,1.0
57380851,2,red,A6+5,1.0
57380852,1,red,C2.5,1.0
57380852,1,black,c8.5,1.0
57380852,2,red,H2+3,1.0
57380853,1,red,C8.5,-1.0
57380853,1,black,h8+7,-1.0
57380854,1,red,C2.5,1.0
57380855,1,red,H8+7,-1.0
57380856,1,red,C2.5,1.0
57380856,1,black,h2+3,1.0
57380857,1,red,A6+5,1.0
57380858,1,red,E3+5,-1.0
57380859,1,red,C2.5,1.0
57380859,1,black,h2+3,1.0
57380860,1,red,P3+1,-1.0
57380860,1,black,c8.7,-1.0
57380860,2,red,C2.3,-1.0
57380860,2,black,h8+9,-1.0
57380861,1,red,C2.5,1.0
57380861,1,black,h8+7,1.0
57380862,1,red,C2.5,1.0
57380862,1,black,e7+5,1.0
57380863,1,red,C2.4,-1.0
57380863,1,black,a6+5,-1.0
57380864,1,red,C2.5,1.0
57380864,1,black,h8+7,1.0
57380865,1,red,C2.5,-1.0
57380865,1,black,h8+7,-1.0
57380866,1,red,H2+3,1.0
57380867,1,red,P7+1,1.0
57380867,1,black,h8+7,1.0
57380868,1,red,C2.5,-1.0
57380868,1,black,c2.5,-1.0
57380868,2,red,H8+9,-1.0
57380869,1,red,C2+2,-1.0
57380869,1,black,c2.5,-1.0
57380869,2,red,H8+7,-1.0
57380870,1,red,C8.7,-1.0
57380870,1,black,c2.5,-1.0
57380870,2,red,H2+3,-1.0
57380871,1,red,C2.6,1.0
57380871,1,black,c8.5,1.0
57380871,2,red,H2+3,1.0
57380873,1,red,C8.4,1.0
57380873,1,black,c2.5,1.0
57380873,2,red,H8+7,1.0
57380874,1,red,C2.6,1.0
57380874,1,black,c2.5,1.0
57380874,2,red,H2+3,1.0
57380875,1,red,C8.7,1.0
57380875,1,black,c8.5,1.0
57380875,2,red,H2+3,1.0
57380876,1,red,C8.5,1.0
57380876,1,black,h8+7,1.0
57380877,1,red,P7+1,-1.0
57380877,1,black,c2.3,-1.0
57380877,2,red,H8+7,-1.0
57380878,1,red,C2.6,1.0
57380878,1,black,c8.5,1.0
57380878,2,red,H2+3,1.0
57380879,1,red,C2.6,-1.0
57380879,1,black,p3+1,-1.0
57380879,2,red,H2+3,-1.0
57380880,1,red,C2.6,1.0
57380880,1,black,c8.5,1.0
57380880,2,red,H2+3,1.0
57380881,1,red,C2.5,-1.0
57380881,1,black,c2.5,-1.0
57380881,2,red,H2+3,-1.0
57380882,1,red,E3+5,-1.0
57380883,1,red,P3+1,1.0
57380883,1,black,e3+5,1.0
57380884,1,red,C2.5,-1.0
57380884,1,black,h8+7,-1.0
57380885,1,red,C8.5,1.0
57380885,1,black,e7+5,1.0
57380886,1,red,C2.5,1.0
57380886,1,black,h8+7,1.0
57380887,1,red,C2.5,-1.0
57380887,1,black,c2.5,-1.0
57380887,2,red,H2+3,-1.0
57380888,1,red,C2.5,1.0
57380888,1,black,h8+7,1.0
57380889,1,red,E3+5,1.0
57380890,1,red,C8.5,1.0
57380890,1,black,h8+7,1.0
57380891,1,red,C8.5,-1.0
57380891,1,black,h2+3,-1.0
57380892,1,red,C2.5,1.0
57380892,1,black,h2+3,1.0
57380893,1,red,C2.5,-1.0
57380893,1,black,c8+1,-1.0
57380893,2,red,H2+3,-1.0
57380894,1,red,C2.5,1.0
57380894,1,black,e3+5,1.0
57380895,1,red,A4+5,1.0
57380896,1,red,C2.5,1.0
57380896,1,black,c8.5,1.0
57380896,2,red,H2+3,1.0
57380897,1,red,E7+5,1.0
57380898,1,red,E7+5,-1.0
57380899,1,red,C2.5,1.0
57380899,1,black,c8.5,1.0
57380899,2,red,H2+3,1.0
57380900,1,red,R1+1,1.0
57380900,1,black,c8.5,1.0
57380900,2,red,C2.5,1.0
57380900,2,black,h8+7,1.0
57380901,1,red,C8.5,-1.0
57380901,1,black,h8+7,-1.0
57380902,1,red,C2.5,1.0
57380902,1,black,h8+7,1.0
57380903,1,red,C2.5,1.0
57380903,1,black,c8.5,1.0
57380903,2,red,H2+3,1.0
57380904,1,red,E3+5,1.0
57380905,1,red,E7+5,-1.0
57380906,1,red,E3+5,1.0
57380907,1,red,C2.6,-1.0
57380907,1,black,h8+7,-1.0
57380908,1,red,C2.5,-1.0
57380908,1,black,c8.5,-1.0
57380908,2,red,H2+3,-1.0
57380909,1,red,C2.5,-1.0
57380909,1,black,c8.5,-1.0
57380909,2,red,H2+3,-1.0
57380910,1,red,E7+5,-1.0
57380911,1,red,C8.5,0.0
57380911,1,black,h2+3,0.0
57380912,1,red,C2.5,1.0
57380912,1,black,c8.5,1.0
57380912,2,red,C5+4,1.0
57380912,2,black,a6+5,1.0
57380913,1,red,C8.4,1.0
57380913,1,black,h2+3,1.0
57380914,1,red,C2.6,1.0
57380914,1,black,c8.5,1.0
57380914,2,red,H2+3,1.0
57380915,1,red,E3+5,-1.0
57380916,1,red,C2.6,-1.0
57380916,1,black,c2.5,-1.0
57380916,2,red,H2+3,-1.0
57380917,1,red,C2.6,1.0
57380917,1,black,c8.4,1.0
57380917,2,red,H2+3,1.0
57380918,1,red,C8.5,1.0
57380918,1,black,h2+3,1.0
57380919,1,red,C2.5,1.0
57380919,1,black,c2.5,1.0
57380919,2,red,H8+7,1.0
57380920,1,red,C2.5,1.0
57380920,1,black,h2+3,1.0
57380921,1,red,C2.6,-1.0
57380921,1,black,e3+5,-1.0
57380922,1,red,E7+5,-1.0
57380923,1,red,C2.5,1.0
57380923,1,black,h8+7,1.0
57380924,1,red,E3+5,-1.0
57380925,1,red,P3+1,-1.0
57380925,1,black,p3+1,-1.0
57380925,2,red,H2+3,-1.0
57380926,1,red,E7+5,1.0
57380927,1,red,C2.5,1.0
57380927,1,black,c8.5,1.0
57380927,2,red,C5+4,1.0
57380927,2,black,a6+5,1.0
57380928,1,red,C8.4,1.0
57380928,1,black,h2+3,1.0
57380929,1,red,E3+5,1.0
57380930,1,red,C2.6,-1.0
57380930,1,black,h8+7,-1.0
57380931,1,red,C2.5,1.0
57380931,1,black,e7+5,1.0
57380932,1,red,C8.5,-1.0
57380932,1,black,c2.5,-1.0
57380932,2,red,H8+7,-1.0
57380933,1,red,C2.5,1.0
57380933,1,black,h8+7,1.0
57380934,1,red,C2.5,0.0
57380934,1,black,c8.5,0.0
57380934,2,red,H2+3,0.0
57380935,1,red,C8.5,-1.0
57380935,1,black,c2.5,-1.0
57380935,2,red,C5+4,-1.0
57380935,2,black,a4+5,-1.0
57380936,1,red,P7+1,1.0
57380936,1,black,c2.6,1.0
57380936,2,red,P3+1,1.0
57380936,2,black,e7+5,1.0
57380937,1,red,P3+1,-1.0
57380937,1,black,c2.5,-1.0
57380937,2,red,H8+7,-1.0
57380938,1,red,A6+5,-1.0
57380939,1,red,C8.4,1.0
57380939,1,black,c2.5,1.0
57380939,2,red,H8+7,1.0
57380940,1,red,C2.5,1.0
57380940,1,black,c2.5,1.0
57380940,2,red,H2+3,1.0
57380941,1,red,C2.7,1.0
57380941,1,black,h8+7,1.0
57380942,1,red,H2+3,1.0
57380943,1,red,C2.5,1.0
57380943,1,black,c2.5,1.0
57380943,2,red,H8+7,1.0
57380944,1,red,P7+1,-1.0
57380944,1,black,c8.5,-1.0
57380944,2,red,H2+3,-1.0
57380945,1,red,H2+3,1.0
57380946,1,red,C2.5,-1.0
57380946,1,black,c8+1,-1.0
57380946,2,red,H2+3,-1.0
57380947,1,red,C2.5,1.0
57380947,1,black,h8+7,1.0
57380948,1,red,C2.5,-1.0
57380948,1,black,c8.5,-1.0
57380948,2,red,H2+3,-1.0
57380949,1,red,C2.5,-1.0
57380949,1,black,h2+3,-1.0
57380950,1,red,C2.5,1.0
57380950,1,black,h2+3,1.0
57380951,1,red,C2.5,1.0
57380951,1,black,e3+5,1.0
57380952,1,red,C8.4,-1.0
57380952,1,black,c8.5,-1.0
57380952,2,red,H8+7,-1.0
57380953,1,red,C2.5,-1.0
57380953,1,black,c2.5,-1.0
57380953,2,red,H8+7,-1.0
57380954,1,red,C8.5,1.0
57380954,1,black,h2+3,1.0
57380955,1,red,C2.5,-1.0
57380955,1,black,h8+7,-1.0
57380956,1,red,C8.5,1.0
57380956,1,black,a4+5,1.0
57380957,1,red,E3+5,-1.0
57380958,1,red,E3+5,-1.0
57380959,1,red,C2.5,-1.0
57380959,1,black,h8+7,-1.0
57380960,1,red,C8.5,-1.0
57380960,1,black,c2.5,-1.0
57380960,2,red,H8+7,-1.0
57380961,1,red,C2.5,1.0
57380961,1,black,h8+7,1.0
57380962,1,red,P7+1,-1.0
57380962,1,black,c8.5,-1.0
57380962,2,red,H8+7,-1.0
57380963,1,red,H8+7,1.0
57380964,1,red,H8+7,-1.0
57380965,1,red,C2.5,1.0
57380965,1,black,c2.5,1.0
57380965,2,red,H2+3,1.0
57380966,1,red,C8.5,1.0
57380966,1,black,h8+7,1.0
57380967,1,red,P3+1,1.0
57380967,1,black,c2.5,1.0
57380967,2,red,H8+7,1.0
57380968,1,red,C2.5,-1.0
57380968,1,black,h2+3,-1.0
57380969,1,red,C8.5,1.0
57380969,1,black,h2+3,1.0
57380970,1,red,C8.5,1.0
57380970,1,black,h8+7,1.0
57380971,1,red,C8.5,-1.0
57380972,1,red,E7+5,-1.0
57380973,1,red,C2.5,1.0
57380973,1,black,a4+5,1.0
57380974,1,red,E3+5,-1.0
57380975,1,red,C8.5,-1.0
57380975,1,black,e3+5,-1.0
57380976,1,red,E7+5,1.0
57380977,1,red,E7+5,-1.0
57380978,1,red,C2.5,1.0
57380978,1,black,e3+5,1.0
57380979,1,red,C2.5,-1.0
57380979,1,black,c8.5,-1.0
57380979,2,red,H2+3,-1.0
57380980,1,red,C2.5,-1.0
57380980,1,black,h8+7,-1.0
57380981,1,red,C8.5,-1.0
57380981,1,black,c2.5,-1.0
57380981,2,red,H8+7,-1.0
57380982,1,red,C8.5,-1.0
57380982,1,black,h8+7,-1.0
57380983,1,red,P3+1,-1.0
57380983,1,black,c8.5,-1.0
57380983,2,red,H8+7,-1.0
57380984,1,red,C2.5,1.0
57380984,1,black,e7+5,1.0
57380985,1,red,H2+3,-1.0
57380986,1,red,H2+3,-1.0
57380987,1,red,A4+5,1.0
57380988,1,red,C8.5,-1.0
57380988,1,black,h8+7,-1.0
57380989,1,red,C2.6,1.0
57380989,1,black,c8.5,1.0
57380989,2,red,H2+3,1.0
57380990,1,red,H8+7,1.0
57380991,1,red,E7+5,-1.0
57380992,1,red,C2.5,-1.0
57380992,1,black,h8+7,-1.0
57380993,1,red,C2.5,1.0
57380993,1,black,c2.5,1.0
57380993,2,red,H2+3,1.0
57380994,1,red,P7+1,-1.0
57380994,1,black,c8+3,-1.0
57380994,2,red,E3+5,-1.0
57380995,1,red,C8.5,1.0
57380995,1,black,e3+5,1.0
57380996,1,red,C8.5,-1.0
57380996,1,black,h8+7,-1.0
57380997,1,red,P3+1,1.0
57380997,1,black,p3+1,1.0
57380997,2,red,H2+3,1.0
57380998,1,red,H8+7,-1.0
57380999,1,red,C8.5,1.0
57380999,1,black,c2.5,1.0
57380999,2,red,H8+7,1.0
57381000,1,red,H8+7,1.0
57381001,1,red,C2.5,1.0
57381001,1,black,h8+7,1.0
57381002,1,red,C2.6,1.0
57381002,1,black,c2.5,1.0
57381002,2,red,H2+3,1.0
57381003,1,red,C2.5,1.0
57381003,1,black,c2.5,1.0
57381003,2,red,H2+3,1.0
57381004,1,red,E7+5,1.0
57381005,1,red,H8+7,1.0
57381006,1,red,C2.5,1.0
57381006,1,black,c8.5,1.0
57381006,2,red,C5+4,1.0
57381006,2,black,a6+5,1.0
57381007,1,red,E3+5,1.0
57381008,1,red,P7+1,1.0
57381008,1,black,p7+1,1.0
57381008,2,red,E7+5,1.0
57381009,1,red,C2.5,-1.0
57381009,1,black,c8.5,-1.0
57381009,2,red,H2+3,-1.0
57381010,1,red,H8+7,1.0
57381011,1,red,C2.5,-1.0
57381011,1,black,e3+5,-1.0
57381012,1,red,C2.5,1.0
57381013,1,red,P7+1,0.0
57381013,1,black,p7+1,0.0
57381013,2,red,H8+7,0.0
57381014,1,red,C8.5,-1.0
57381014,1,black,h2+3,-1.0
57381015,1,red,E3+5,-1.0
57381016,1,red,C8.5,1.0
57381016,1,black,h2+3,1.0
57381017,1,red,C8.5,-1.0
57381017,1,black,h2+3,-1.0
57381018,1,red,C2.5,1.0
57381018,1,black,e3+5,1.0
57381019,1,red,C2.5,-1.0
57381019,1,black,c2.5,-1.0
57381019,2,red,H2+3,-1.0
57381020,1,red,C8.5,-1.0
57381020,1,black,h8+7,-1.0
57381021,1,red,C8.5,-1.0
57381021,1,black,h2+3,-1.0
57381022,1,red,P7+1,1.0
57381022,1,black,c2.5,1.0
57381022,2,red,E7+5,1.0
57381023,1,red,H8+7,1.0
57381024,1,red,C8.4,1.0
57381024,1,black,h2+3,1.0
57381025,1,red,C2.5,1.0
57381025,1,black,c2.5,1.0
57381025,2,red,C5+4,1.0
57381025,2,black,a6+5,1.0
57381026,1,red,C8.5,-1.0
57381026,1,black,c8.5,-1.0
57381026,2,red,H8+7,-1.0
57381027,1,red,E7+5,-1.0
57381028,1,red,C2.5,-1.0
57381028,1,black,h2+3,-1.0
57381029,1,red,C8.5,-1.0
57381029,1,black,h8+7,-1.0
57381030,1,red,E3+5,-1.0
57381031,1,red,C2.5,-1.0
57381031,1,black,c8.5,-1.0
57381031,2,red,H2+3,-1.0
57381032,1,red,C8.5,1.0
57381032,1,black,c2.5,1.0
57381032,2,red,H8+7,1.0
57381033,1,red,C2.6,1.0
57381033,1,black,c2.5,1.0
57381033,2,red,H2+3,1.0
57381034,1,red,C2.5,1.0
57381034,1,black,h2+3,1.0
57381035,1,red,C2.5,-1.0
57381035,1,black,a4+5,-1.0
57381036,1,red,H8+7,-1.0
57381037,1,red,E3+5,-1.0
57381038,1,red,C8.5,1.0
57381038,1,black,c2.5,1.0
57381038,2,red,H8+7,1.0
57381039,1,red,C8.4,-1.0
57381039,1,black,c8.5,-1.0
57381039,2,red,H8+7,-1.0
57381040,1,red,P7+1,-1.0
57381040,1,black,c2.5,-1.0
57381040,2,red,H2+3,-1.0
57381041,1,red,C2.5,1.0
57381041,1,black,c8.5,1.0
57381041,2,red,H2+3,1.0
57381042,1,red,C8.5,-1.0
57381042,1,black,e3+5,-1.0
57381043,1,red,C8.5,1.0
57381043,1,black,c2.5,1.0
57381043,2,red,H8+7,1.0
57381044,1,red,C8.5,-1.0
57381044,1,black,h8+7,-1.0
57381045,1,red,C2.5,-1.0
57381045,1,black,h2+3,-1.0
57381046,1,red,E7+5,1.0
57381047,1,red,C2.5,-1.0
57381047,1,black,h8+7,-1.0
57381048,1,red,C8.5,1.0
57381048,1,black,h8+7,1.0
57381049,1,red,H8+9,-1.0
57381050,1,red,C8.5,-1.0
57381050,1,black,h2+3,-1.0
57381051,1,red,C2.5,1.0
57381051,1,black,h8+7,1.0
57381052,1,red,C2.5,-1.0
57381052,1,black,c2.5,-1.0
57381052,2,red,H2+3,-1.0
57381053,1,red,C2.5,1.0
57381053,1,black,c2.5,1.0
57381053,2,red,H2+3,1.0
57381054,1,red,C8.5,1.0
57381054,1,black,c2+1,1.0
57381054,2,red,H8+7,1.0
57381055,1,red,A6+5,0.0
57381056,1,red,C8.5,-1.0
57381056,1,black,a4+5,-1.0
57381057,1,red,P7+1,1.0
57381057,1,black,p7+1,1.0
57381057,2,red,H8+7,1.0
57381058,1,red,C2-1,-1.0
57381058,1,black,c8.5,-1.0
57381058,2,red,C2.5,-1.0
57381058,2,black,h8+7,-1.0
57381059,1,red,C2.5,-1.0
57381059,1,black,c2.5,-1.0
57381059,2,red,C5+4,-1.0
57381059,2,black,a4+5,-1.0
57381060,1,red,C2.5,1.0
57381060,1,black,h2+3,1.0
57381061,1,red,C2.5,-1.0
57381061,1,black,h2+3,-1.0
57381062,1,red,E7+5,1.0
57381063,1,red,C2.6,-1.0
57381063,1,black,h2+3,-1.0
57381064,1,red,H8+7,-1.0
57381065,1,red,C8.5,1.0
57381065,1,black,c2.5,1.0
57381065,2,red,C2.4,1.0
57381065,2,black,a4+5,1.0
57381066,1,red,C8.5,-1.0
57381066,1,black,h2+3,-1.0
57381067,1,red,C2.5,-1.0
57381067,1,black,c2.5,-1.0
57381067,2,red,H2+3,-1.0
57381068,1,red,C8.4,1.0
57381068,1,black,c2.5,1.0
57381068,2,red,H8+7,1.0
57381069,1,red,C2.4,-1.0
57381069,1,black,e7+5,-1.0
57381070,1,red,E3+5,1.0
57381071,1,red,E3+5,-1.0
57381072,1,red,C8.5,1.0
57381072,1,black,h2+3,1.0
57381073,1,red,C8.4,-1.0
57381073,1,black,c2.5,-1.0
57381073,2,red,H8+7,-1.0
57381074,1,red,C8.5,-1.0
57381074,1,black,e7+5,-1.0
57381075,1,red,P3+1,-1.0
57381075,1,black,c2.4,-1.0
57381075,2,red,H2+3,-1.0
57381076,1,red,R1+1,-1.0
57381076,1,black,c8+7,-1.0
57381076,2,red,C2.5,-1.0
57381076,2,black,h8+7,-1.0
57381077,1,red,H2+3,-1.0
57381078,1,red,C8.5,1.0
57381078,1,black,h8+7,1.0
57381079,1,red,C2.5,-1.0
57381079,1,black,h8+7,-1.0
57381080,1,red,C8.5,-1.0
57381080,1,black,h8+7,-1.0
57381081,1,red,C8.5,-1.0
57381081,1,black,c2.5,-1.0
57381081,2,red,H8+7,-1.0
57381082,1,red,C2.5,-1.0
57381082,1,black,c8.5,-1.0
57381082,2,red,C5+4,-1.0
57381082,2,black,a6+5,-1.0
57381083,1,red,H2+3,1.0
57381084,1,red,C2.5,-1.0
57381084,1,black,h8+7,-1.0
57381085,1,red,H8+7,1.0
57381086,1,red,C8.5,1.0
57381086,1,black,h8+7,1.0
57381087,1,red,C2.5,-1.0
57381087,1,black,h2+3,-1.0
57381088,1,red,C2.5,1.0
57381088,1,black,h8+7,1.0
57381089,1,red,E7+5,1.0
57381090,1,red,C2.5,-1.0
57381090,1,black,c2.5,-1.0
57381090,2,red,P5+1,-1.0
57381090,2,black,h2+3,-1.0
57381091,1,red,C8.5,-1.0
57381091,1,black,e7+5,-1.0
57381092,1,red,P7+1,-1.0
57381092,1,black,c8.5,-1.0
57381092,2,red,H2+3,-1.0
57381093,1,red,C8.5,-1.0
57381093,1,black,h2+3,-1.0
57381094,1,red,E7+5,-1.0
57381095,1,red,P3+1,-1.0
57381095,1,black,p3+1,-1.0
57381095,2,red,C2.6,-1.0
57381095,2,black,h2+3,-1.0
57381096,1,red,H8+7,1.0
57381097,1,red,C8.5,-1.0
57381097,1,black,c2.5,-1.0
57381097,2,red,H8+7,-1.0
57381098,1,red,C8.5,0.0
57381098,1,black,h2+3,0.0
57381099,1,red,C2.5,1.0
57381099,1,black,c2.5,1.0
57381099,2,red,A6+5,1.0
57381100,1,red,C2.5,-1.0
57381100,1,black,c2.5,-1.0
57381100,2,red,C5+4,-1.0
57381100,2,black,a6+5,-1.0
57381101,1,red,P7+1,-1.0
57381101,1,black,c2.3,-1.0
57381101,2,red,E7+5,-1.0
57381102,1,red,H8+7,-1.0
57381103,1,red,C2.5,-1.0
57381103,1,black,h8+7,-1.0
57381104,1,red,C8.5,1.0
57381104,1,black,c2.5,1.0
57381104,2,red,H8+7,1.0
57381105,1,red,C2.5,1.0
57381105,1,black,c8.5,1.0
57381105,2,red,H2+3,1.0
57381106,1,red,E7+5,1.0
57381107,1,red,P3+1,-1.0
57381107,1,black,p3+1,-1.0
57381107,2,red,H2+3,-1.0
57381108,1,red,E7+5,1.0
57381109,1,red,C8.5,-1.0
57381109,1,black,h2+3,-1.0
57381110,1,red,C2.5,1.0
57381110,1,black,c8.5,1.0
57381110,2,red,H2+3,1.0
57381111,1,red,C2.5,-1.0
57381111,1,black,h8+7,-1.0
57381112,1,red,P3+1,1.0
57381112,1,black,c8.5,1.0
57381112,2,red,H2+3,1.0
57381113,1,red,H2+3,-1.0
57381114,1,red,C2.5,-1.0
57381114,1,black,h8+7,-1.0
57381115,1,red,C2.5,-1.0
57381115,1,black,c8.5,-1.0
57381115,2,red,H2+3,-1.0
57381116,1,red,P7+1,1.0
57381116,1,black,c8.5,1.0
57381116,2,red,H8+7,1.0
57381117,1,red,C2+2,-1.0
57381117,1,black,c2.5,-1.0
57381117,2,red,H2+3,-1.0
57381118,1,red,E3+5,1.0
57381119,1,red,C2.7,0.0
57381119,1,black,c2.5,0.0
57381119,2,red,H2+3,0.0
57381120,1,red,C8.5,1.0
57381120,1,black,c8.5,1.0
57381120,2,red,H8+7,1.0
57381121,1,red,C8.5,1.0
57381121,1,black,c8.5,1.0
57381121,2,red,H8+7,1.0
57381122,1,red,E3+5,1.0
57381123,1,red,C2+1,-1.0
57381123,1,black,h2+3,-1.0
57381124,1,red,C2.5,-1.0
57381124,1,black,h8+7,-1.0
57381125,1,red,C8.4,1.0
57381125,1,black,c2.5,1.0
57381125,2,red,H8+7,1.0
57381126,1,red,C2.6,1.0
57381126,1,black,c8.5,1.0
57381126,2,red,H2+3,1.0
57381127,1,red,C8.5,-1.0
57381127,1,black,h2+3,-1.0
57381128,1,red,H2+3,1.0
57381129,1,red,C2.6,1.0
57381129,1,black,c2.5,1.0
57381129,2,red,E7+5,1.0
57381130,1,red,C8.5,1.0
57381130,1,black,h8+7,1.0
57381131,1,red,E3+5,1.0
57381132,1,red,E7+5,-1.0
57381133,1,red,P3+1,1.0
57381133,1,black,c2.5,1.0
57381133,2,red,C8.5,1.0
57381133,2,black,h2+3,1.0
57381134,1,red,A6+5,-1.0
57381135,1,red,C8.5,-1.0
57381135,1,black,h2+3,-1.0
57381136,1,red,H8+7,-1.0
57381137,1,red,C2.6,-1.0
57381137,1,black,c2.5,-1.0
57381137,2,red,H2+3,-1.0
57381138,1,red,C8.5,-1.0
57381138,1,black,h2+3,-1.0
57381139,1,red,C8.5,-1.0
57381139,1,black,h8+7,-1.0
57381140,1,red,H2+3,1.0
57381141,1,red,C2.5,0.0
57381141,1,black,h8+7,0.0
57381142,1,red,C8.5,-1.0
57381142,1,black,c2.5,-1.0
57381142,2,red,C5+4,-1.0
57381142,2,black,a4+5,-1.0
57381143,1,red,C8.5,1.0
57381143,1,black,a4+5,1.0
57381144,1,red,E3+5,-1.0
57381145,1,red,P3+1,-1.0
57381145,1,black,c8.4,-1.0
57381145,2,red,H2+3,-1.0
57381146,1,red,P3+1,-1.0
57381146,1,black,c8.6,-1.0
57381146,2,red,E7+5,-1.0
57381147,1,red,C2.5,-1.0
57381147,1,black,h8+7,-1.0
57381148,1,red,C2.5,1.0
57381148,1,black,e7+5,1.0
57381149,1,red,C2.5,-1.0
57381149,1,black,e7+5,-1.0
57381150,1,red,P3+1,-1.0
57381150,1,black,p3+1,-1.0
57381150,2,red,C8.4,-1.0
57381150,2,black,h2+3,-1.0
57381151,1,red,C8.5,-1.0
57381151,1,black,c8.5,-1.0
57381151,2,red,C5+4,-1.0
57381151,2,black,a6+5,-1.0
57381152,1,red,C2.5,-1.0
57381152,1,black,h8+7,-1.0
57381153,1,red,C2.6,1.0
57381153,1,black,c8.4,1.0
57381153,2,red,H2+3,1.0
57381154,1,red,C8.5,1.0
57381154,1,black,c2.5,1.0
57381154,2,red,H8+7,1.0
57381155,1,red,C2.5,-1.0
57381155,1,black,h8+7,-1.0
57381156,1,red,R1+1,0.0
57381156,1,black,c8.4,0.0
57381156,2,red,C2.5,0.0
57381156,2,black,h8+7,0.0
57381157,1,red,C2.5,-1.0
57381157,1,black,h2+3,-1.0
57381158,1,red,C2.5,-1.0
57381158,1,black,h8+7,-1.0
57381159,1,red,C8.5,1.0
57381159,1,black,h8+7,1.0
57381160,1,red,P7+1,1.0
57381160,1,black,e3+5,1.0
57381161,1,red,P3+1,-1.0
57381161,1,black,c2.6,-1.0
57381161,2,red,H2+3,-1.0
57381162,1,red,E7+5,-1.0
57381163,1,red,C2.5,-1.0
57381163,1,black,c2.5,-1.0
57381163,2,red,H2+3,-1.0
57381164,1,red,H8+7,-1.0
57381165,1,red,C2.5,1.0
57381165,1,black,h8+7,1.0
57381166,1,red,C8.5,1.0
57381166,1,black,e7+5,1.0
57381167,1,red,C8.5,1.0
57381167,1,black,h2+3,1.0
57381168,1,red,C8.6,1.0
57381169,1,red,C2.5,-1.0
57381169,1,black,h8+7,-1.0
57381170,1,red,C2.5,-1.0
57381170,1,black,h8+7,-1.0
57381171,1,red,C2.5,-1.0
57381171,1,black,h2+3,-1.0
57381172,1,red,C2.5,-1.0
57381172,1,black,c8.5,-1.0
57381172,2,red,H2+3,-1.0
57381173,1,red,P7+1,-1.0
57381173,1,black,e7+5,-1.0
57381174,1,red,C2.5,-1.0
57381174,1,black,c2.5,-1.0
57381174,2,red,H2+3,-1.0
57381175,1,red,C2.5,1.0
57381175,1,black,h8+7,1.0
57381176,1,red,C8.5,1.0
57381176,1,black,h2+3,1.0
57381177,1,red,E3+5,-1.0
57381179,1,red,C8.5,-1.0
57381179,1,black,h2+3,-1.0
57381180,1,red,C2.4,1.0
57381180,1,black,c8.5,1.0
57381180,2,red,H8+7,1.0
57381181,1,red,R1+1,1.0
57381181,1,black,c8+7,1.0
57381181,2,red,R9+2,1.0
57381181,2,black,h8+7,1.0
57381182,1,red,C2.5,-1.0
57381182,1,black,h2+3,-1.0
57381183,1,red,E3+5,1.0
57381184,1,red,H2+3,1.0
57381185,1,red,C2.5,-1.0
57381185,1,black,h8+7,-1.0
57381186,1,red,C8.5,-1.0
57381186,1,black,e7+5,-1.0
57381187,1,red,C2.5,1.0
57381187,1,black,h8+7,1.0
57381188,1,red,P3+1,1.0
57381188,1,black,c2.5,1.0
57381188,2,red,H2+3,1.0
57381189,1,red,C2.5,-1.0
57381189,1,black,h8+7,-1.0
57381190,1,red,C2.5,1.0
57381190,1,black,c2.5,1.0
57381190,2,red,H2+3,1.0
57381191,1,red,C2.5,1.0
57381191,1,black,c2.5,1.0
57381191,2,red,H2+3,1.0
57381192,1,red,H8+7,1.0
57381193,1,red,C8.5,-1.0
57381193,1,black,h2+3,-1.0
57381194,1,red,C2.6,-1.0
57381194,1,black,p3+1,-1.0
57381194,2,red,E7+5,-1.0
57381195,1,red,A4+5,-1.0
57381196,1,red,C8.5,1.0
57381196,1,black,e3+5,1.0
57381197,1,red,C2.5,1.0
57381197,1,black,h8+7,1.0
57381198,1,red,P3+1,-1.0
57381198,1,black,c2.7,-1.0
57381198,2,red,E3+5,-1.0
57381199,1,red,C2.6,-1.0
57381199,1,black,c8.6,-1.0
57381199,2,red,H2+3,-1.0
57381200,1,red,C8.5,-1.0
57381200,1,black,e7+5,-1.0
57381201,1,red,C2.5,1.0
57381201,1,black,c2.5,1.0
57381201,2,red,H2+3,1.0
57381202,1,red,A4+5,-1.0
57381203,1,red,E7+5,1.0
57381204,1,red,C2.5,-1.0
57381204,1,black,c2.5,-1.0
57381204,2,red,H2+3,-1.0
57381205,1,red,C2.5,-1.0
57381205,1,black,h8+7,-1.0
57381206,1,red,H8+7,-1.0
57381207,1,red,C2.5,-1.0
57381207,1,black,h8+7,-1.0
57381208,1,red,C2.4,-1.0
57381208,1,black,e3+5,-1.0
57381209,1,red,C8.5,1.0
57381209,1,black,c2.5,1.0
57381209,2,red,H8+7,1.0
57381210,1,red,C8.6,-1.0
57381210,1,black,h2+3,-1.0
57381211,1,red,C2.5,1.0
57381211,1,black,c8.5,1.0
57381211,2,red,H2+3,1.0
57381212,1,red,H2+3,0.0
57381213,1,red,C8.5,-1.0
57381213,1,black,h2+3,-1.0
57381214,1,red,C2.5,-1.0
57381214,1,black,h8+7,-1.0
57381215,1,red,C2.5,1.0
57381215,1,black,h2+3,1.0
57381216,1,red,C8.5,-1.0
57381216,1,black,c8.5,-1.0
57381216,2,red,C5+4,-1.0
57381216,2,black,a4+5,-1.0
57381217,1,red,C2.5,1.0
57381217,1,black,h8+7,1.0
57381218,1,red,C8.5,-1.0
57381218,1,black,h8+7,-1.0
57381219,1,red,C8.5,-1.0
57381219,1,black,h2+3,-1.0
57381220,1,red,C2.5,0.0
57381220,1,black,c8.5,0.0
57381220,2,red,R1+1,0.0
57381220,2,black,h8+7,0.0
57381221,1,red,C2.5,-1.0
57381221,1,black,h2+3,-1.0
57381222,1,red,C2.5,1.0
57381222,1,black,h8+7,1.0
57381223,1,red,E3+5,1.0
57381224,1,red,P3+1,-1.0
57381224,1,black,a6+5,-1.0
57381225,1,red,C2.5,1.0
57381225,1,black,h2+3,1.0
57381226,1,red,C2.5,1.0
57381226,1,black,h2+3,1.0
57381227,1,red,C2.5,-1.0
57381227,1,black,h8+7,-1.0
57381228,1,red,C8.5,1.0
57381228,1,black,h8+7,1.0
57381229,1,red,C8.5,-1.0
57381229,1,black,e3+5,-1.0
57381230,1,red,C2.5,1.0
57381230,1,black,c2.5,1.0
57381230,2,red,C5+4,1.0
57381230,2,black,a4+5,1.0
57381231,1,red,C8.5,1.0
57381231,1,black,h2+3,1.0
57381232,1,red,C2.6,1.0
57381232,1,black,c8.3,1.0
57381232,2,red,H2+3,1.0
57381233,1,red,E7+5,-1.0
57381234,1,red,C2.5,-1.0
57381234,1,black,h2+3,-1.0
57381235,1,red,C8.4,-1.0
57381235,1,black,e3+5,-1.0
57381236,1,red,C2.5,1.0
57381236,1,black,c2.5,1.0
57381236,2,red,H2+3,1.0
57381237,1,red,C8.4,1.0
57381237,1,black,p7+1,1.0
57381237,2,red,H8+7,1.0
57381238,1,red,C2.5,-1.0
57381238,1,black,c8.5,-1.0
57381238,2,red,H2+3,-1.0
57381239,1,red,C2.5,-1.0
57381239,1,black,e3+5,-1.0
57381240,1,red,C2.5,1.0
57381240,1,black,h2+3,1.0
57381241,1,red,C2.5,1.0
57381241,1,black,h2+3,1.0
57381242,1,red,C2.5,-1.0
57381242,1,black,h8+7,-1.0
57381243,1,red,E3+5,-1.0
57381244,1,red,A4+5,-1.0
57381245,1,red,C2.5,-1.0
57381245,1,black,h8+7,-1.0
57381246,1,red,C2.5,-1.0
57381246,1,black,h8+7,-1.0
57381247,1,red,P7+1,-1.0
57381247,1,black,c8.5,-1.0
57381247,2,red,C8.5,-1.0
57381247,2,black,h8+7,-1.0
57381248,1,red,C8.5,-1.0
57381248,1,black,c2.5,-1.0
57381248,2,red,H8+7,-1.0
57381249,1,red,H8+7,1.0
57381250,1,red,C8.5,-1.0
57381250,1,black,h2+3,-1.0
57381251,1,red,C2.5,-1.0
57381251,1,black,e7+5,-1.0
57381252,1,red,P3+1,-1.0
57381252,1,black,p3+1,-1.0
57381252,2,red,H2+3,-1.0
57381253,1,red,C8.5,-1.0
57381253,1,black,c8.5,-1.0
57381253,2,red,H8+7,-1.0
57381254,1,red,C2.5,-1.0
57381254,1,black,e7+5,-1.0
57381255,1,red,E7+5,-1.0
57381256,1,red,C2.5,1.0
57381256,1,black,c8.5,1.0
57381256,2,red,H2+3,1.0
57381257,1,red,C2.5,-1.0
57381257,1,black,c8+1,-1.0
57381257,2,red,H2+3,-1.0
57381258,1,red,E3+5,1.0
57381259,1,red,C8.5,-1.0
57381259,1,black,h2+3,-1.0
57381260,1,red,P7+1,-1.0
57381260,1,black,c8.5,-1.0
57381260,2,red,H8+7,-1.0
57381261,1,red,C8.5,1.0
57381261,1,black,h2+3,1.0
57381262,1,red,P3+1,1.0
57381262,1,black,c8.7,1.0
57381262,2,red,E7+5,1.0
57381263,1,red,C8.5,-1.0
57381263,1,black,c2.5,-1.0
57381263,2,red,H8+7,-1.0
57381264,1,red,E7+5,-1.0
57381265,1,red,C2.5,1.0
57381265,1,black,c8.5,1.0
57381265,2,red,H2+3,1.0
57381266,1,red,P7+1,-1.0
57381266,1,black,p7+1,-1.0
57381266,2,red,H8+7,-1.0
57381267,1,red,C8.5,-1.0
57381267,1,black,c2.5,-1.0
57381267,2,red,H8+7,-1.0
57381268,1,red,C2.6,-1.0
57381268,1,black,c2.4,-1.0
57381268,2,red,H8+9,-1.0
57381269,1,red,C8.5,1.0
57381269,1,black,h8+7,1.0
57381270,1,red,C2.5,-1.0
57381271,1,red,C2.5,1.0
57381271,1,black,e3+5,1.0
57381272,1,red,C2.5,-1.0
57381272,1,black,h8+7,-1.0
57381273,1,red,C2.5,1.0
57381273,1,black,h8+7,1.0
57381274,1,red,C8.5,-1.0
57381274,1,black,a6+5,-1.0
57381275,1,red,C2.5,1.0
57381275,1,black,e7+5,1.0
57381276,1,red,E7+5,-1.0
57381277,1,red,C2.6,1.0
57381277,1,black,c8.5,1.0
57381277,2,red,H2+3,1.0
57381278,1,red,C8.4,-1.0
57381278,1,black,c2.5,-1.0
57381278,2,red,H8+7,-1.0
57381279,1,red,E3+5,-1.0
57381281,1,red,C2.5,-1.0
57381281,1,black,e3+5,-1.0
57381282,1,red,C2.4,1.0
57381282,1,black,c2.4,1.0
57381282,2,red,H8+7,1.0
57381283,1,red,E7+5,-1.0
57381284,1,red,C2.5,-1.0
57381284,1,black,c2.5,-1.0
57381284,2,red,P3+1,-1.0
57381284,2,black,h8+9,-1.0
57381285,1,red,H2+3,-1.0
57381286,1,red,E3+5,1.0
57381287,1,red,A6+5,1.0
57381288,1,red,C2.5,1.0
57381288,1,black,c8.5,1.0
57381288,2,red,H2+3,1.0
57381289,1,red,P3+1,-1.0
57381289,1,black,c2.5,-1.0
57381289,2,red,H2+3,-1.0
57381290,1,red,H8+7,-1.0
57381291,1,red,C2.5,1.0
57381291,1,black,h8+7,1.0
57381292,1,red,P1+1,-1.0
57381292,1,black,c2.5,-1.0
57381292,2,red,H2+3,-1.0
57381293,1,red,C2.6,-1.0
57381293,1,black,e7+5,-1.0
57381294,1,red,C8.5,1.0
57381294,1,black,h8+7,1.0
57381295,1,red,P7+1,1.0
57381295,1,black,c8.5,1.0
57381295,2,red,H8+7,1.0
57381296,1,red,C2.5,1.0
57381296,1,black,c2.5,1.0
57381296,2,red,H2+3,1.0
57381297,1,red,C2.5,1.0
57381297,1,black,c2.5,1.0
57381297,2,red,H2+3,1.0
57381298,1,red,C2.5,-1.0
57381298,1,black,h8+7,-1.0
57381299,1,red,C8.5,1.0
57381299,1,black,c2+1,1.0
57381299,2,red,H8+7,1.0
57381300,1,red,P7+1,1.0
57381300,1,black,c2.5,1.0
57381300,2,red,H8+7,1.0
57381301,1,red,C8.5,-1.0
57381301,1,black,p3+1,-1.0
57381301,2,red,H8+7,-1.0
57381302,1,red,C8.4,1.0
57381302,1,black,h2+3,1.0
57381303,1,red,C2.6,-1.0
57381303,1,black,c8.5,-1.0
57381303,2,red,H2+3,-1.0
57381304,1,red,H2+3,1.0
57381305,1,red,C2.5,-1.0
57381305,1,black,h8+7,-1.0
57381306,1,red,C2.6,1.0
57381306,1,black,c2.5,1.0
57381306,2,red,H2+3,1.0
57381307,1,red,P3+1,1.0
57381307,1,black,c8.7,1.0
57381307,2,red,E3+5,1.0
57381308,1,red,C8.5,-1.0
57381308,1,black,h8+7,-1.0
57381309,1,red,H8+7,1.0
57381310,1,red,C2.5,-1.0
57381310,1,black,h8+7,-1.0
57381311,1,red,C2.5,-1.0
57381311,1,black,c2.5,-1.0
57381311,2,red,H2+3,-1.0
57381312,1,red,E7+5,1.0
57381313,1,red,C8.5,1.0
57381313,1,black,e7+5,1.0
57381314,1,red,E3+5,1.0
57381315,1,red,C2.5,1.0
57381315,1,black,h8+7,1.0
57381316,1,red,P7+1,1.0
57381316,1,black,c2.5,1.0
57381316,2,red,H8+7,1.0
57381317,1,red,H2+3,-1.0
57381318,1,red,C8.4,-1.0
57381318,1,black,h2+3,-1.0
57381319,1,red,C2.5,-1.0
57381319,1,black,h2+3,-1.0
57381320,1,red,P7+1,-1.0
57381320,1,black,e3+5,-1.0
57381321,1,red,C8.5,-1.0
57381321,1,black,c2.5,-1.0
57381321,2,red,H8+7,-1.0
57381322,1,red,A4+5,-1.0
57381323,1,red,C2.5,1.0
57381323,1,black,c8.5,1.0
57381323,2,red,C8.6,1.0
57381323,2,black,h8+7,1.0
57381324,1,red,P3+1,0.0
57381324,1,black,p3+1,0.0
57381324,2,red,C2.5,0.0
57381324,2,black,h2+3,0.0
57381325,1,red,E7+5,-1.0
57381326,1,red,E3+5,-1.0
57381327,1,red,C2.5,1.0
57381327,1,black,h8+7,1.0
57381328,1,red,C2.5,0.0
57381328,1,black,h8+7,0.0
57381329,1,red,P7+1,1.0
57381329,1,black,c2.5,1.0
57381329,2,red,H8+7,1.0
57381330,1,red,C2.6,1.0
57381330,1,black,c8.5,1.0
57381330,2,red,H2+3,1.0
57381331,1,red,C2.5,-1.0
57381331,1,black,c8.5,-1.0
57381331,2,red,C5+4,-1.0
57381331,2,black,a4+5,-1.0
57381332,1,red,C2.5,1.0
57381332,1,black,h8+7,1.0
57381333,1,red,C2.6,1.0
57381333,1,black,h2+3,1.0
57381334,1,red,C2.5,1.0
57381334,1,black,c8.5,1.0
57381334,2,red,H2+3,1.0
57381335,1,red,C8.5,1.0
57381335,1,black,h2+3,1.0
57381336,1,red,C2.5,1.0
57381336,1,black,h8+7,1.0
57381337,1,red,C2.5,-1.0
57381337,1,black,h8+7,-1.0
57381338,1,red,C8.5,1.0
57381338,1,black,h8+7,1.0
57381339,1,red,A6+5,-1.0
57381340,1,red,C2.5,1.0
57381340,1,black,e3+5,1.0
57381341,1,red,C2+2,1.0
57381341,1,black,c8.5,1.0
57381341,2,red,H8+7,1.0
57381342,1,red,C2.5,1.0
57381342,1,black,h2+3,1.0
57381343,1,red,C2.5,1.0
57381343,1,black,c8.5,1.0
57381343,2,red,C5+4,1.0
57381343,2,black,a4+5,1.0
57381344,1,red,C8.5,-1.0
57381344,1,black,h2+3,-1.0
57381345,1,red,P3+1,1.0
57381345,1,black,c8.5,1.0
57381345,2,red,H2+3,1.0
57381346,1,red,C2.5,-1.0
57381346,1,black,c8.5,-1.0
57381346,2,red,H2+3,-1.0
57381347,1,red,H2+3,1.0
57381348,1,red,C2.5,-1.0
57381348,1,black,h2+3,-1.0
57381349,1,red,C8.5,1.0
57381349,1,black,c8.5,1.0
57381349,2,red,H8+7,1.0
57381350,1,red,H2+3,1.0
57381351,1,red,H2+3,-1.0
57381352,1,red,C2.4,1.0
57381352,1,black,c8.5,1.0
57381352,2,red,H8+7,1.0
57381353,1,red,E3+5,1.0
57381354,1,red,C8.5,-1.0
57381354,1,black,h2+3,-1.0
57381355,1,red,E3+5,1.0
57381356,1,red,C8.5,1.0
57381356,1,black,c2.5,1.0
57381356,2,red,C5+4,1.0
57381356,2,black,a4+5,1.0
57381357,1,red,E3+5,-1.0
57381358,1,red,E3+5,1.0
57381359,1,red,C2.5,1.0
57381359,1,black,c8.5,1.0
57381359,2,red,H2+3,1.0
57381360,1,red,C2.5,1.0
57381360,1,black,h8+7,1.0
57381361,1,red,H8+7,1.0
57381362,1,red,C2.5,1.0
57381362,1,black,h2+3,1.0
57381363,1,red,C2.6,1.0
57381363,1,black,a6+5,1.0
57381364,1,red,A6+5,-1.0
57381365,1,red,H2+3,-1.0
57381366,1,red,C8.5,-1.0
57381366,1,black,c2.5,-1.0
57381366,2,red,H8+7,-1.0
57381367,1,red,C8.5,1.0
57381367,1,black,h2+3,1.0
57381368,1,red,P3+1,1.0
57381368,1,black,c8.5,1.0
57381368,2,red,H2+3,1.0
57381369,1,red,C2.5,1.0
57381369,1,black,c8.5,1.0
57381369,2,red,H2+3,1.0
57381370,1,red,E3+5,1.0
57381371,1,red,C8.5,0.0
57381371,1,black,h2+3,0.0
57381372,1,red,C2.6,1.0
57381372,1,black,c8.5,1.0
57381372,2,red,H2+3,1.0
57381373,1,red,H8+7,-1.0
57381374,1,red,C2.5,1.0
57381374,1,black,c2.5,1.0
57381374,2,red,C5+4,1.0
57381374,2,black,a4+5,1.0
57381375,1,red,C8.4,-1.0
57381375,1,black,c2.5,-1.0
57381375,2,red,H8+7,-1.0
57381376,1,red,E3+5,1.0
57381377,1,red,P7+1,1.0
57381377,1,black,c2.5,1.0
57381377,2,red,H8+7,1.0
57381378,1,red,C2.5,1.0
57381378,1,black,h2+3,1.0
57381379,1,red,C2.5,-1.0
57381379,1,black,h2+3,-1.0
57381380,1,red,A4+5,1.0
57381381,1,red,E7+5,-1.0
57381382,1,red,C8.5,-1.0
57381382,1,black,h2+3,-1.0
57381383,1,red,C8.5,-1.0
57381383,1,black,h2+3,-1.0
57381384,1,red,C2.5,-1.0
57381384,1,black,c8.5,-1.0
57381384,2,red,H2+3,-1.0
57381385,1,red,C8.4,1.0
57381385,1,black,c2.5,1.0
57381385,2,red,H8+7,1.0
57381386,1,red,E7+5,0.0
57381387,1,red,P7+1,1.0
57381387,1,black,c8.5,1.0
57381387,2,red,H8+7,1.0
57381388,1,red,C8.5,-1.0
57381388,1,black,c8.5,-1.0
57381388,2,red,H8+7,-1.0
57381389,1,red,H8+7,1.0
57381390,1,red,C2.5,1.0
57381391,1,red,P3+1,0.0
57381391,1,black,c2.5,0.0
57381391,2,red,H8+7,0.0
57381392,1,red,C2.5,1.0
57381392,1,black,c2.5,1.0
57381392,2,red,H2+3,1.0
57381393,1,red,C8.5,-1.0
57381393,1,black,h2+3,-1.0
57381394,1,red,C2.5,1.0
57381394,1,black,c8.5,1.0
57381394,2,red,H2+3,1.0
57381395,1,red,A6+5,-1.0
57381396,1,red,E7+5,1.0
57381397,1,red,C8.5,1.0
57381397,1,black,h8+7,1.0
57381398,1,red,C2+2,1.0
57381398,1,black,c2.5,1.0
57381398,2,red,H2+3,1.0
57381399,1,red,C2.6,-1.0
57381399,1,black,h2+3,-1.0
57381400,1,red,H2+3,-1.0
57381401,1,red,C2.5,1.0
57381401,1,black,c8.5,1.0
57381401,2,red,H2+3,1.0
57381402,1,red,C2+2,1.0
57381402,1,black,h8+7,1.0
57381403,1,red,C2+2,-1.0
57381403,1,black,h8+7,-1.0
57381404,1,red,C2.5,1.0
57381404,1,black,e3+5,1.0
57381405,1,red,C2.5,1.0
57381405,1,black,c8.5,1.0
57381405,2,red,H2+3,1.0
57381406,1,red,C8.5,1.0
57381406,1,black,h2+3,1.0
57381407,1,red,E3+5,1.0
57381408,1,red,C2.4,1.0
57381408,1,black,c2.5,1.0
57381408,2,red,C8.5,1.0
57381408,2,black,h2+3,1.0
57381409,1,red,C8.5,1.0
57381409,1,black,c2.5,1.0
57381409,2,red,C5+4,1.0
57381409,2,black,a4+5,1.0
57381411,1,red,K5+1,-1.0
57381412,1,red,C2.6,-1.0
57381412,1,black,p7+1,-1.0
57381412,2,red,E3+5,-1.0
57381413,1,red,C2.5,-1.0
57381413,1,black,h2+3,-1.0
57381414,1,red,C2.5,-1.0
57381414,1,black,c2.5,-1.0
57381414,2,red,H2+3,-1.0
57381415,1,red,E7+5,1.0
57381416,1,red,C2.5,1.0
57381416,1,black,h8+7,1.0
57381417,1,red,H2+3,1.0
57381418,1,red,C2.5,1.0
57381418,1,black,c2.5,1.0
57381418,2,red,H2+3,1.0
57381419,1,red,C8.4,1.0
57381419,1,black,c8.5,1.0
57381419,2,red,H8+7,1.0
57381420,1,red,C8.5,-1.0
57381420,1,black,c2.5,-1.0
57381420,2,red,C5+4,-1.0
57381420,2,black,a4+5,-1.0
57381421,1,red,C2.5,1.0
57381421,1,black,e7+5,1.0
57381422,1,red,C8.5,-1.0
57381422,1,black,h8+7,-1.0
57381423,1,red,C2.5,1.0
57381423,1,black,c8.5,1.0
57381423,2,red,H2+3,1.0
57381424,1,red,C2.7,1.0
57381424,1,black,c8.5,1.0
57381424,2,red,H2+3,1.0
57381425,1,red,C2.5,-1.0
57381425,1,black,h8+7,-1.0
57381426,1,red,C8.4,1.0
57381426,1,black,c2.3,1.0
57381426,2,red,H8+7,1.0
57381427,1,red,C8.4,-1.0
57381427,1,black,c2.5,-1.0
57381427,2,red,H8+7,-1.0
57381428,1,red,C2.5,-1.0
57381428,1,black,h8+7,-1.0
57381429,1,red,C2.5,1.0
57381429,1,black,a4+5,1.0
57381430,1,red,C2.5,-1.0
57381430,1,black,e3+5,-1.0
57381431,1,red,C8.3,1.0
57381431,1,black,e7+5,1.0
57381432,1,red,E3+5,1.0
57381433,1,red,C2.5,1.0
57381433,1,black,c2.5,1.0
57381433,2,red,H2+3,1.0
57381434,1,red,C2.5,1.0
57381434,1,black,h2+3,1.0
57381435,1,red,C8.5,1.0
57381435,1,black,e7+5,1.0
57381436,1,red,C8.5,1.0
57381436,1,black,c2.5,1.0
57381436,2,red,H8+7,1.0
57381437,1,red,C8.5,1.0
57381437,1,black,h2+3,1.0
57381438,1,red,C8.5,-1.0
57381438,1,black,c2.5,-1.0
57381438,2,red,H8+7,-1.0
57381439,1,red,P3+1,1.0
57381439,1,black,c2.5,1.0
57381439,2,red,H2+3,1.0
57381440,1,red,C2.6,-1.0
57381440,1,black,h8+7,-1.0
57381441,1,red,C2.5,-1.0
57381441,1,black,h2+3,-1.0
57381442,1,red,C8.5,-1.0
57381442,1,black,c8.5,-1.0
57381442,2,red,H8+7,-1.0
57381443,1,red,C8.5,-1.0
57381443,1,black,a4+5,-1.0
57381444,1,red,C8.5,-1.0
57381444,1,black,e3+5,-1.0
57381445,1,red,C2.5,-1.0
57381445,1,black,h8+7,-1.0
57381446,1,red,C2.5,-1.0
57381446,1,black,e7+5,-1.0
57381447,1,red,C2.5,1.0
57381447,1,black,c8.5,1.0
57381447,2,red,H2+3,1.0
57381448,1,red,P7+1,1.0
57381448,1,black,c2.5,1.0
57381448,2,red,H8+7,1.0
57381449,1,red,C2.5,-1.0
57381449,1,black,c2.5,-1.0
57381449,2,red,H2+3,-1.0
57381450,1,red,C2.5,-1.0
57381450,1,black,h8+7,-1.0
57381451,1,red,C2.5,-1.0
57381451,1,black,e7+5,-1.0
57381452,1,red,C2.6,1.0
57381452,1,black,h8+7,1.0
57381453,1,red,P7+1,-1.0
57381453,1,black,p7+1,-1.0
57381453,2,red,H8+7,-1.0
57381454,1,red,E7+5,-1.0
57381455,1,red,E3+5,-1.0
57381456,1,red,C2.7,1.0
57381456,1,black,c8.5,1.0
57381456,2,red,H2+3,1.0
57381457,1,red,C2.5,1.0
57381457,1,black,e7+5,1.0
57381458,1,red,C2.5,-1.0
57381458,1,black,a6+5,-1.0
57381459,1,red,C8.5,1.0
57381459,1,black,h2+3,1.0
57381460,1,red,E7+5,-1.0
57381461,1,red,C8.5,-1.0
57381461,1,black,c8.5,-1.0
57381461,2,red,H8+7,-1.0
57381462,1,red,C2.5,-1.0
57381462,1,black,e7+5,-1.0
57381463,1,red,C2.5,-1.0
57381463,1,black,c2.5,-1.0
57381463,2,red,A4+5,-1.0
57381464,1,red,C8.5,-1.0
57381464,1,black,h8+7,-1.0
57381465,1,red,C2.5,1.0
57381465,1,black,h8+7,1.0
57381466,1,red,C2.5,1.0
57381466,1,black,h8+7,1.0
57381467,1,red,E3+5,1.0
57381468,1,red,E3+5,-1.0
57381469,1,red,H8+7,1.0
57381470,1,red,C8.4,1.0
57381470,1,black,e3+5,1.0
57381471,1,red,E3+5,-1.0
57381472,1,red,C2.5,1.0
57381472,1,black,h8+7,1.0
57381473,1,red,C2.5,1.0
57381473,1,black,h8+7,1.0
57381474,1,red,C2.5,-1.0
57381474,1,black,h2+3,-1.0
57381475,1,red,C8.5,-1.0
57381475,1,black,c2.5,-1.0
57381475,2,red,H8+7,-1.0
57381476,1,red,H2+3,1.0
57381477,1,red,C2.5,1.0
57381477,1,black,c2.5,1.0
57381477,2,red,H2+3,1.0
57381478,1,red,C8.5,-1.0
57381478,1,black,c2.5,-1.0
57381478,2,red,C5+4,-1.0
57381478,2,black,a6+5,-1.0
57381479,1,red,C8.5,-1.0
57381479,1,black,e3+5,-1.0
57381480,1,red,C2.5,-1.0
57381480,1,black,c8.5,-1.0
57381480,2,red,H2+3,-1.0
57381481,1,red,C8.5,-1.0
57381481,1,black,h2+3,-1.0
57381482,1,red,H2+3,1.0
57381483,1,red,C2.5,-1.0
57381483,1,black,c2.5,-1.0
57381483,2,red,H2+3,-1.0
57381484,1,red,C8.4,1.0
57381484,1,black,c2.5,1.0
57381484,2,red,H8+7,1.0
57381485,1,red,C8.5,1.0
57381485,1,black,h2+3,1.0
57381486,1,red,R1+1,-1.0
57381486,1,black,c8.5,-1.0
57381486,2,red,C2.5,-1.0
57381486,2,black,h8+7,-1.0
57381487,1,red,C2.5,-1.0
57381487,1,black,h8+7,-1.0
57381488,1,red,C2.5,-1.0
57381488,1,black,c2.5,-1.0
57381488,2,red,H2+3,-1.0
57381489,1,red,C8.5,1.0
57381489,1,black,c2.5,1.0
57381489,2,red,H8+7,1.0
57381490,1,red,E3+5,1.0
57381491,1,red,C2.5,1.0
57381491,1,black,c2.5,1.0
57381491,2,red,H8+7,1.0
57381492,1,red,C2.5,-1.0
57381492,1,black,h8+7,-1.0
57381493,1,red,P3+1,-1.0
57381493,1,black,e3+5,-1.0
57381494,1,red,C8.5,-1.0
57381494,1,black,h2+3,-1.0
57381495,1,red,H8+7,-1.0
57381496,1,red,E7+5,1.0
57381497,1,red,H8+7,1.0
57381498,1,red,C8.5,1.0
57381498,1,black,h8+7,1.0
57381499,1,red,P7+1,-1.0
57381499,1,black,p7+1,-1.0
57381499,2,red,H2+3,-1.0
57381500,1,red,C2.5,-1.0
57381500,1,black,c8.5,-1.0
57381500,2,red,H2+3,-1.0
57381501,1,red,C2.5,-1.0
57381501,1,black,h8+7,-1.0
57381502,1,red,P7+1,1.0
57381502,1,black,c2.5,1.0
57381502,2,red,H8+7,1.0
57381503,1,red,E3+5,-1.0
57381504,1,red,C2.5,1.0
57381504,1,black,c2.5,1.0
57381504,2,red,H2+3,1.0
57381505,1,red,C8.5,1.0
57381505,1,black,h8+7,1.0
57381506,1,red,C2.7,1.0
57381507,1,red,H8+7,-1.0
57381508,1,red,C8.6,-1.0
57381508,1,black,c8.5,-1.0
57381508,2,red,A6+5,-1.0
57381509,1,red,C8.4,1.0
57381509,1,black,h2+3,1.0
57381510,1,red,C8.5,1.0
57381510,1,black,e7+5,1.0
57381511,1,red,C2.5,-1.0
57381511,1,black,e3+5,-1.0
57381512,1,red,P7+1,1.0
57381513,1,red,C8.5,-1.0
57381513,1,black,h2+3,-1.0
57381514,1,red,C8.5,-1.0
57381514,1,black,e3+5,-1.0
57381515,1,red,C2.4,1.0
57381515,1,black,r9+1,1.0
57381515,2,red,H8+7,1.0
57381516,1,red,C2.5,1.0
57381516,1,black,h2+3,1.0
57381517,1,red,C8.5,1.0
57381517,1,black,h8+7,1.0
57381518,1,red,P7+1,1.0
57381518,1,black,p7+1,1.0
57381518,2,red,H8+7,1.0
57381519,1,red,H2+3,1.0
57381520,1,red,C2.5,1.0
57381520,1,black,c8.5,1.0
57381520,2,red,H2+3,1.0
57381521,1,red,C2.5,-1.0
57381521,1,black,h8+7,-1.0
57381522,1,red,C8.3,-1.0
57381522,1,black,c8.5,-1.0
57381522,2,red,H8+7,-1.0
57381523,1,red,C8.5,1.0
57381523,1,black,e3+5,1.0
57381525,1,red,C8.5,-1.0
57381525,1,black,h2+3,-1.0
57381526,1,red,P7+1,1.0
57381526,1,black,e3+5,1.0
57381527,1,red,C2.5,1.0
57381527,1,black,c2.5,1.0
57381527,2,red,H2+3,1.0
57381528,1,red,H2+3,1.0
57381529,1,red,R9+1,-1.0
57381529,1,black,c2+7,-1.0
57381529,2,red,R1+1,-1.0
57381529,2,black,c8+7,-1.0
57381529,3,red,R9.6,-1.0
57381529,3,black,a6+5,-1.0
57381530,1,red,H2+3,-1.0
57381532,1,red,H8+7,-1.0
57381533,1,red,E7+5,-1.0
57381534,1,red,P3+1,-1.0
57381534,1,black,p3+1,-1.0
57381534,2,red,H2+3,-1.0
57381535,1,red,P3+1,-1.0
57381535,1,black,c2.5,-1.0
57381535,2,red,H2+3,-1.0
57381536,1,red,C2.7,1.0
57381536,1,black,c8.5,1.0
57381536,2,red,H2+3,1.0
57381537,1,red,C2.5,1.0
57381537,1,black,h8+7,1.0
57381538,1,red,C2.5,-1.0
57381538,1,black,h2+3,-1.0
57381539,1,red,A4+5,-1.0
57381540,1,red,C2.5,1.0
57381540,1,black,h2+3,1.0
57381541,1,red,C2.6,-1.0
57381541,1,black,r9+1,-1.0
57381541,2,red,H2+3,-1.0
57381542,1,red,C2.6,1.0
57381542,1,black,c8.5,1.0
57381542,2,red,H2+3,1.0
57381543,1,red,C2.5,-1.0
57381543,1,black,a6+5,-1.0
57381544,1,red,C8.5,-1.0
57381544,1,black,h2+3,-1.0
57381545,1,red,C2.6,-1.0
57381545,1,black,e3+5,-1.0
57381546,1,red,C2.5,1.0
57381546,1,black,h8+7,1.0
57381547,1,red,C2.5,-1.0
57381547,1,black,h8+7,-1.0
57381548,1,red,A4+5,1.0
57381549,1,red,H2+3,1.0
57381550,1,red,C8.5,1.0
57381550,1,black,c8.5,1.0
57381550,2,red,H8+7,1.0
57381551,1,red,E3+5,-1.0
57381552,1,red,P7+1,1.0
57381552,1,black,c2.5,1.0
57381552,2,red,H8+7,1.0
57381553,1,red,C8.5,1.0
57381553,1,black,e7+5,1.0
57381554,1,red,E7+5,-1.0
57381555,1,red,C8.5,-1.0
57381555,1,black,c2+1,-1.0
57381555,2,red,C2+4,-1.0
57381555,2,black,p7+1,-1.0
57381555,3,red,C2.7,-1.0
57381555,3,black,c8.2,-1.0
57381555,4,red,C7-2,-1.0
57381555,4,black,h8+7,-1.0
57381556,1,red,R1+1,1.0
57381556,1,black,c2.5,1.0
57381556,2,red,C2.5,1.0
57381556,2,black,h2+3,1.0
57381557,1,red,E7+5,-1.0
57381558,1,red,C8.5,-1.0
57381558,1,black,c8.5,-1.0
57381558,2,red,H8+7,-1.0
57381559,1,red,E3+5,-1.0
57381560,1,red,E7+5,1.0
57381561,1,red,C8.5,1.0
57381561,1,black,c2.5,1.0
57381561,2,red,H8+7,1.0
57381562,1,red,C2.5,-1.0
57381562,1,black,h8+7,-1.0
57381563,1,red,C2.4,-1.0
57381563,1,black,c8.5,-1.0
57381563,2,red,H8+7,-1.0
57381564,1,red,E3+5,1.0
57381565,1,red,C8.5,-1.0
57381565,1,black,c8.5,-1.0
57381565,2,red,H8+7,-1.0
57381566,1,red,E7+5,-1.0
57381567,1,red,P5+1,1.0
57381567,1,black,c8.5,1.0
57381567,2,red,A4+5,1.0
57381568,1,red,C2.5,-1.0
57381568,1,black,a6+5,-1.0
57381569,1,red,C2.5,-1.0
57381569,1,black,c8.5,-1.0
57381569,2,red,H2+3,-1.0
57381570,1,red,C8.5,-1.0
57381570,1,black,c8.5,-1.0
57381570,2,red,H8+7,-1.0
57381571,1,red,P3+1,-1.0
57381571,1,black,c8.5,-1.0
57381571,2,red,H2+3,-1.0
57381572,1,red,C2.5,-1.0
57381572,1,black,e7+5,-1.0
57381573,1,red,C2.5,1.0
57381573,1,black,h2+3,1.0
57381574,1,red,C8.5,-1.0
57381574,1,black,h8+7,-1.0
57381575,1,red,C2.5,1.0
57381575,1,black,e7+5,1.0
57381576,1,red,C2.5,-1.0
57381576,1,black,h2+3,-1.0
57381577,1,red,H2+3,0.0
57381578,1,red,H2+3,1.0
57381579,1,red,C8.5,-1.0
57381579,1,black,h2+3,-1.0
57381580,1,red,P3+1,1.0
57381580,1,black,p7+1,1.0
57381580,2,red,P3+1,1.0
57381580,2,black,e7+5,1.0
57381581,1,red,E3+5,1.0
57381582,1,red,H2+3,1.0
57381583,1,red,C8.5,1.0
57381583,1,black,h8+7,1.0
57381584,1,red,C8.5,-1.0
57381584,1,black,h2+3,-1.0
57381585,1,red,P3+1,-1.0
57381585,1,black,c8.5,-1.0
57381585,2,red,H2+3,-1.0
57381586,1,red,C2.5,-1.0
57381586,1,black,c8.5,-1.0
57381586,2,red,C5+4,-1.0
57381586,2,black,a6+5,-1.0
57381587,1,red,P7+1,-1.0
57381587,1,black,p3+1,-1.0
57381587,2,red,P7+1,-1.0
57381587,2,black,e3+5,-1.0
57381588,1,red,E3+5,1.0
57381589,1,red,R1+1,1.0
57381589,1,black,c8+7,1.0
57381589,2,red,R9+2,1.0
57381589,2,black,c2+7,1.0
57381589,3,red,C8+2,1.0
57381589,3,black,h2+3,1.0
57381590,1,red,C2.6,1.0
57381590,1,black,c8.5,1.0
57381590,2,red,H2+3,1.0
57381591,1,red,C2.5,-1.0
57381591,1,black,c8+1,-1.0
57381591,2,red,H2+3,-1.0
57381592,1,red,C2.5,1.0
57381592,1,black,c8.5,1.0
57381592,2,red,H2+3,1.0
57381593,1,red,C2.5,-1.0
57381593,1,black,h2+3,-1.0
57381594,1,red,P3+1,-1.0
57381594,1,black,c8.4,-1.0
57381594,2,red,H2+3,-1.0
57381595,1,red,C8.5,1.0
57381595,1,black,e3+5,1.0
57381596,1,red,C2.5,1.0
57381596,1,black,c8.5,1.0
57381596,2,red,H2+3,1.0
57381597,1,red,C2.5,-1.0
57381597,1,black,h2+3,-1.0
57381598,1,red,C8.5,-1.0
57381598,1,black,h8+7,-1.0
57381599,1,red,C8.5,1.0
57381599,1,black,h2+3,1.0
57381600,1,red,C2.5,-1.0
57381600,1,black,c2.5,-1.0
57381600,2,red,H2+3,-1.0
57381601,1,red,C8.5,1.0
57381601,1,black,c8.5,1.0
57381601,2,red,H8+7,1.0
57381602,1,red,P7+1,1.0
57381602,1,black,c8.5,1.0
57381602,2,red,H8+7,1.0
57381603,1,red,H2+3,0.0
57381604,1,red,C2.5,-1.0
57381604,1,black,c2.5,-1.0
57381604,2,red,C8.6,-1.0
57381604,2,black,h2+3,-1.0
57381605,1,red,C8.5,1.0
57381605,1,black,h2+3,1.0
57381606,1,red,C8.5,-1.0
57381606,1,black,h2+3,-1.0
57381607,1,red,C2.5,1.0
57381607,1,black,h8+7,1.0
57381608,1,red,C8.5,-1.0
57381608,1,black,h8+7,-1.0
57381609,1,red,C2.5,1.0
57381609,1,black,c2.5,1.0
57381609,2,red,H2+3,1.0
57381610,1,red,E7+5,1.0
57381611,1,red,C8.4,-1.0
57381611,1,black,c8.6,-1.0
57381611,2,red,H8+7,-1.0
57381612,1,red,P7+1,1.0
57381612,1,black,e3+5,1.0
57381613,1,red,C8.5,1.0
57381613,1,black,h2+3,1.0
57381614,1,red,P7+1,1.0
57381614,1,black,p7+1,1.0
57381614,2,red,H8+7,1.0
57381615,1,red,E7+5,1.0
57381616,1,red,C8.5,1.0
57381616,1,black,h2+3,1.0
57381617,1,red,C8.5,-1.0
57381617,1,black,c2.5,-1.0
57381617,2,red,H8+7,-1.0
57381618,1,red,C2.5,-1.0
57381618,1,black,h2+3,-1.0
57381619,1,red,E3+5,-1.0
57381620,1,red,P3+1,1.0
57381620,1,black,c8.7,1.0
57381620,2,red,C8.5,1.0
57381620,2,black,c2.5,1.0
57381620,3,red,H8+7,1.0
57381621,1,red,P7+1,1.0
57381621,1,black,c2.6,1.0
57381621,2,red,H8+7,1.0
57381622,1,red,C2.5,1.0
57381622,1,black,h8+7,1.0
57381623,1,red,C2.5,1.0
57381623,1,black,c2.5,1.0
57381623,2,red,H2+3,1.0
57381624,1,red,C2.5,-1.0
57381624,1,black,e7+5,-1.0
57381625,1,red,E7+5,1.0
57381626,1,red,C2+2,-1.0
57381626,1,black,c2.5,-1.0
57381626,2,red,H8+7,-1.0
57381627,1,red,P7+1,-1.0
57381627,1,black,c2.5,-1.0
57381627,2,red,H8+7,-1.0
57381628,1,red,C2.5,1.0
57381628,1,black,h2+3,1.0
57381629,1,red,C8.5,1.0
57381629,1,black,c8.5,1.0
57381629,2,red,H8+7,1.0
57381630,1,red,C2.5,-1.0
57381630,1,black,c8.5,-1.0
57381630,2,red,H2+3,-1.0
57381631,1,red,C8.5,-1.0
57381631,1,black,h2+3,-1.0
57381632,1,red,H2+3,1.0
57381633,1,red,C8.5,1.0
57381633,1,black,c2.5,1.0
57381633,2,red,H8+7,1.0
57381634,1,red,C2.5,1.0
57381634,1,black,h2+3,1.0
57381635,1,red,C8.5,-1.0
57381635,1,black,h2+3,-1.0
57381636,1,red,A4+5,1.0
57381637,1,red,C8.5,1.0
57381637,1,black,h2+3,1.0
57381638,1,red,C8.5,1.0
57381638,1,black,c8.5,1.0
57381638,2,red,C5+4,1.0
57381638,2,black,a4+5,1.0
57381639,1,red,C8.4,1.0
57381639,1,black,c2.5,1.0
57381639,2,red,H8+7,1.0
57381640,1,red,A4+5,1.0
57381641,1,red,E3+5,-1.0
57381642,1,red,C8.5,1.0
57381642,1,black,c2.5,1.0
57381642,2,red,H8+7,1.0
57381643,1,red,C2.5,-1.0
57381643,1,black,h2+3,-1.0
57381644,1,red,C8.5,1.0
57381644,1,black,c8.5,1.0
57381644,2,red,H2+3,1.0
57381645,1,red,C2.6,1.0
57381645,1,black,c2.5,1.0
57381645,2,red,H2+3,1.0
57381646,1,red,H8+7,1.0
57381647,1,red,C8.5,1.0
57381647,1,black,e3+5,1.0
57381648,1,red,C8.5,1.0
57381648,1,black,c2.5,1.0
57381648,2,red,H8+7,1.0
57381649,1,red,C8.5,-1.0
57381649,1,black,c2.5,-1.0
57381649,2,red,H8+7,-1.0
57381650,1,red,C2.5,1.0
57381650,1,black,h8+7,1.0
57381651,1,red,C2.5,1.0
57381651,1,black,h2+3,1.0
57381652,1,red,E3+5,-1.0
57381653,1,red,C2.5,1.0
57381653,1,black,h8+7,1.0
57381654,1,red,E3+5,-1.0
57381655,1,red,C2.5,1.0
57381655,1,black,h8+7,1.0
57381656,1,red,H2+3,-1.0
57381657,1,red,E7+5,-1.0
57381658,1,red,E3+5,1.0
57381659,1,red,C2.5,1.0
57381659,1,black,c2.5,1.0
57381659,2,red,H2+3,1.0
57381660,1,red,P3+1,1.0
57381660,1,black,p3+1,1.0
57381660,2,red,H2+3,1.0
57381661,1,red,C2.5,1.0
57381661,1,black,c8.5,1.0
57381661,2,red,H2+3,1.0
57381662,1,red,P7+1,1.0
57381662,1,black,c2.3,1.0
57381662,2,red,C8.5,1.0
57381662,2,black,h8+7,1.0
57381663,1,red,C2.5,1.0
57381663,1,black,h8+7,1.0
57381664,1,red,C8.5,-1.0
57381664,1,black,h8+7,-1.0
57381665,1,red,H2+3,1.0
57381666,1,red,P3+1,1.0
57381666,1,black,c2+3,1.0
57381666,2,red,H2+3,1.0
57381667,1,red,C2.5,-1.0
57381667,1,black,h2+3,-1.0
57381668,1,red,H2+3,-1.0
57381669,1,red,C2.5,-1.0
57381669,1,black,h2+3,-1.0
57381670,1,red,P3+1,1.0
57381670,1,black,p3+1,1.0
57381670,2,red,H2+3,1.0
57381671,1,red,C8.5,1.0
57381671,1,black,c2.5,1.0
57381671,2,red,H8+7,1.0
57381672,1,red,C2.5,1.0
57381672,1,black,h8+7,1.0
57381673,1,red,C2.5,-1.0
57381673,1,black,h2+3,-1.0
57381674,1,red,P7+1,1.0
57381674,1,black,c8.4,1.0
57381674,2,red,H2+3,1.0
57381675,1,red,C8.4,-1.0
57381675,1,black,c2.6,-1.0
57381675,2,red,H8+7,-1.0
57381676,1,red,C2.5,0.0
57381676,1,black,h8+7,0.0
57381677,1,red,P3+1,1.0
57381677,1,black,c2.5,1.0
57381677,2,red,H8+7,1.0
57381678,1,red,H2+3,-1.0
57381679,1,red,C2.5,1.0
57381679,1,black,e3+5,1.0
57381680,1,red,C2.5,-1.0
57381680,1,black,e7+5,-1.0
57381681,1,red,E7+5,-1.0
57381682,1,red,C8.4,-1.0
57381682,1,black,e3+5,-1.0
57381683,1,red,C2.7,1.0
57381683,1,black,h2+1,1.0
57381684,1,red,C8.5,1.0
57381684,1,black,h8+7,1.0
57381685,1,red,C2.5,-1.0
57381685,1,black,c8.5,-1.0
57381685,2,red,H2+3,-1.0
57381686,1,red,C8.5,1.0
57381686,1,black,c2.5,1.0
57381686,2,red,H8+7,1.0
57381687,1,red,E3+5,-1.0
57381688,1,red,C2.5,-1.0
57381688,1,black,c8.5,-1.0
57381688,2,red,H2+3,-1.0
57381689,1,red,H8+7,-1.0
