gameID,turn,side,move,error
57380690,1,black,h2+3,"Cannot resolve move=h2+3, side=black, candidates=[(0, 1)]"
57380691,1,black,h2+3,"Cannot resolve move=h2+3, side=black, candidates=[(0, 1)]"
57380692,1,black,h8+7,"Cannot resolve move=h8+7, side=black, candidates=[(0, 7)]"
57380693,1,red,E3+5,"Cannot resolve move=E3+5, side=red, candidates=[(9, 6)]"
57380694,1,black,h2+3,"Cannot resolve move=h2+3, side=black, candidates=[(0, 1)]"
57380695,1,red,H2+3,"Cannot resolve move=H2+3, side=red, candidates=[(9, 7)]"
57380696,1,red,H8+7,"Cannot resolve move=H8+7, side=red, candidates=[(9, 1)]"
57380697,2,red,H2+3,"Cannot resolve move=H2+3, side=red, candidates=[(9, 7)]"
57380698,1,black,h2+3,"Cannot resolve move=h2+3, side=black, candidates=[(0, 1)]"
57380699,1,black,e3+5,"Cannot resolve move=e3+5, side=black, candidates=[(0, 2)]"
57380700,1,black,h2+3,"Cannot resolve move=h2+3, side=black, candidates=[(0, 1)]"
57380701,2,red,H2+3,"Cannot resolve move=H2+3, side=red, candidates=[(9, 7)]"
57380702,1,black,h2+3,"Cannot resolve move=h2+3, side=black, candidates=[(0, 1)]"
57380703,1,red,E3+5,"Cannot resolve move=E3+5, side=red, candidates=[(9, 6)]"
57380704,2,black,h8+9,"Cannot resolve move=h8+9, side=black, candidates=[(0, 7)]"
57380705,2,red,E7+5,"Cannot resolve move=E7+5, side=red, candidates=[(9, 2)]"
57380706,1,black,e3+5,"Cannot resolve move=e3+5, side=black, candidates=[(0, 2)]"
57380707,2,red,H2+3,"Cannot resolve move=H2+3, side=red, candidates=[(9, 7)]"
57380708,2,red,H2+3,"Cannot resolve move=H2+3, side=red, candidates=[(9, 7)]"
57380709,2,red,E3+5,"Cannot resolve move=E3+5, side=red, candidates=[(9, 6)]"
57380710,2,red,E3+5,"Cannot resolve move=E3+5, side=red, candidates=[(9, 6)]"
57380711,1,red,E3+5,"Cannot resolve move=E3+5, side=red, candidates=[(9, 6)]"
57380712,1,black,h2+3,"Cannot resolve move=h2+3, side=black, candidates=[(0, 1)]"
57380713,1,red,H2+3,"Cannot resolve move=H2+3, side=red, candidates=[(9, 7)]"
57380714,2,black,e3+5,"Cannot resolve move=e3+5, side=black, candidates=[(0, 2)]"
57380715,1,black,h8+7,"Cannot resolve move=h8+7, side=black, candidates=[(0, 7)]"
57380716,1,black,h8+7,"Cannot resolve move=h8+7, side=black, candidates=[(0, 7)]"
57380717,3,black,e7+5,"Cannot resolve move=e7+5, side=black, candidates=[(0, 6)]"
57380718,2,red,H8+7,"Cannot resolve move=H8+7, side=red, candidates=[(9, 1)]"
57380719,1,black,h2+3,"Cannot resolve move=h2+3, side=black, candidates=[(0, 1)]"
57380720,1,black,e3+5,"Cannot resolve move=e3+5, side=black, candidates=[(0, 2)]"
57380721,2,red,H2+3,"Cannot resolve move=H2+3, side=red, candidates=[(9, 7)]"
57380722,2,red,H2+3,"Cannot resolve move=H2+3, side=red, candidates=[(9, 7)]"
57380723,2,red,A4+5,"Cannot resolve move=A4+5, side=red, candidates=[(9, 5)]"
57380724,1,red,E7+5,"Cannot resolve move=E7+5, side=red, candidates=[(9, 2)]"
57380725,2,red,H8+7,"Cannot resolve move=H8+7, side=red, candidates=[(9, 1)]"
57380726,1,black,h2+3,"Cannot resolve move=h2+3, side=black, candidates=[(0, 1)]"
57380727,1,black,h8+7,"Cannot resolve move=h8+7, side=black, candidates=[(0, 7)]"
57380728,1,black,e3+5,"Cannot resolve move=e3+5, side=black, candidates=[(0, 2)]"
57380729,2,red,H8+7,"Cannot resolve move=H8+7, side=red, candidates=[(9, 1)]"
57380730,2,red,H2+3,"Cannot resolve move=H2+3, side=red, candidates=[(9, 7)]"
57380731,1,black,h8+7,"Cannot resolve move=h8+7, side=black, candidates=[(0, 7)]"
57380732,1,black,h2+1,"Cannot resolve move=h2+1, side=black, candidates=[(0, 1)]"
57380733,1,black,h2+3,"Cannot resolve move=h2+3, side=black, candidates=[(0, 1)]"
57380734,2,red,H2+3,"Cannot resolve move=H2+3, side=red, candidates=[(9, 7)]"
57380735,1,black,h8+7,"Cannot resolve move=h8+7, side=black, candidates=[(0, 7)]"
57380736,1,red,E3+5,"Cannot resolve move=E3+5, side=red, candidates=[(9, 6)]"
57380737,1,red,H2+3,"Cannot resolve move=H2+3, side=red, candidates=[(9, 7)]"
57380738,2,red,H2+3,"Cannot resolve move=H2+3, side=red, candidates=[(9, 7)]"
57380739,1,black,h2+3,"Cannot resolve move=h2+3, side=black, candidates=[(0, 1)]"
57380740,1,black,e7+5,"Cannot resolve move=e7+5, side=black, candidates=[(0, 6)]"
57380741,1,red,E3+5,"Cannot resolve move=E3+5, side=red, candidates=[(9, 6)]"
57380742,1,red,E3+5,"Cannot resolve move=E3+5, side=red, candidates=[(9, 6)]"
57380743,2,red,H2+3,"Cannot resolve move=H2+3, side=red, candidates=[(9, 7)]"
57380744,1,red,H8+7,"Cannot resolve move=H8+7, side=red, candidates=[(9, 1)]"
57380745,1,black,h2+3,"Cannot resolve move=h2+3, side=black, candidates=[(0, 1)]"
57380746,1,black,h8+7,"Cannot resolve move=h8+7, side=black, candidates=[(0, 7)]"
57380747,1,red,H2+3,"Cannot resolve move=H2+3, side=red, candidates=[(9, 7)]"
57380748,2,red,H8+7,"Cannot resolve move=H8+7, side=red, candidates=[(9, 1)]"
57380749,1,black,e3+5,"Cannot resolve move=e3+5, side=black, candidates=[(0, 2)]"
57380750,2,red,H8+7,"Cannot resolve move=H8+7, side=red, candidates=[(9, 1)]"
57380751,1,red,H2+3,"Cannot resolve move=H2+3, side=red, candidates=[(9, 7)]"
57380752,1,black,h8+7,"Cannot resolve move=h8+7, side=black, candidates=[(0, 7)]"
57380753,1,black,h2+3,"Cannot resolve move=h2+3, side=black, candidates=[(0, 1)]"
57380754,1,black,h8+7,"Cannot resolve move=h8+7, side=black, candidates=[(0, 7)]"
57380755,2,red,H2+1,"Cannot resolve move=H2+1, side=red, candidates=[(9, 7)]"
57380756,1,black,h8+7,"Cannot resolve move=h8+7, side=black, candidates=[(0, 7)]"
57380757,2,black,a4+5,"Cannot resolve move=a4+5, side=black, candidates=[(0, 3)]"
57380758,1,black,a4+5,"Cannot resolve move=a4+5, side=black, candidates=[(0, 3)]"
57380759,2,black,h2+3,"Cannot resolve move=h2+3, side=black, candidates=[(0, 1)]"
57380760,1,black,e3+5,"Cannot resolve move=e3+5, side=black, candidates=[(0, 2)]"
57380761,1,red,H2+3,"Cannot resolve move=H2+3, side=red, candidates=[(9, 7)]"
57380762,2,red,H8+7,"Cannot resolve move=H8+7, side=red, candidates=[(9, 1)]"
57380763,2,red,H2+3,"Cannot resolve move=H2+3, side=red, candidates=[(9, 7)]"
57380764,1,red,A4+5,"Cannot resolve move=A4+5, side=red, candidates=[(9, 5)]"
57380765,1,black,h2+3,"Cannot resolve move=h2+3, side=black, candidates=[(0, 1)]"
57380766,1,red,E7+5,"Cannot resolve move=E7+5, side=red, candidates=[(9, 2)]"
57380767,1,black,h2+3,"Cannot resolve move=h2+3, side=black, candidates=[(0, 1)]"
57380768,2,red,H2+3,"Cannot resolve move=H2+3, side=red, candidates=[(9, 7)]"
57380769,1,black,e3+5,"Cannot resolve move=e3+5, side=black, candidates=[(0, 2)]"
57380770,2,red,H2+3,"Cannot resolve move=H2+3, side=red, candidates=[(9, 7)]"
57380771,1,black,e3+5,"Cannot resolve move=e3+5, side=black, candidates=[(0, 2)]"
57380772,1,black,h2+3,"Cannot resolve move=h2+3, side=black, candidates=[(0, 1)]"
57380773,1,black,h8+7,"Cannot resolve move=h8+7, side=black, candidates=[(0, 7)]"
57380774,1,red,E3+5,"Cannot resolve move=E3+5, side=red, candidates=[(9, 6)]"
57380775,2,red,H2+3,"Cannot resolve move=H2+3, side=red, candidates=[(9, 7)]"
57380776,1,black,h8+7,"Cannot resolve move=h8+7, side=black, candidates=[(0, 7)]"
57380777,2,red,H2+3,"Cannot resolve move=H2+3, side=red, candidates=[(9, 7)]"
57380778,1,black,h2+3,"Cannot resolve move=h2+3, side=black, candidates=[(0, 1)]"
57380779,2,red,H2+3,"Cannot resolve move=H2+3, side=red, candidates=[(9, 7)]"
57380780,1,black,h2+3,"Cannot resolve move=h2+3, side=black, candidates=[(0, 1)]"
57380781,1,black,e3+5,"Cannot resolve move=e3+5, side=black, candidates=[(0, 2)]"
57380782,1,black,h8+7,"Cannot resolve move=h8+7, side=black, candidates=[(0, 7)]"
57380783,1,red,E7+5,"Cannot resolve move=E7+5, side=red, candidates=[(9, 2)]"
57380784,1,red,E7+5,"Cannot resolve move=E7+5, side=red, candidates=[(9, 2)]"
57380785,2,red,H8+7,"Cannot resolve move=H8+7, side=red, candidates=[(9, 1)]"
57380786,1,black,h8+7,"Cannot resolve move=h8+7, side=black, candidates=[(0, 7)]"
57380787,2,red,H2+3,"Cannot resolve move=H2+3, side=red, candidates=[(9, 7)]"
57380788,2,red,H8+7,"Cannot resolve move=H8+7, side=red, candidates=[(9, 1)]"
57380789,2,red,H2+3,"Cannot resolve move=H2+3, side=red, candidates=[(9, 7)]"
57380790,2,red,H8+7,"Cannot resolve move=H8+7, side=red, candidates=[(9, 1)]"
57380791,2,black,h2+3,"Cannot resolve move=h2+3, side=black, candidates=[(0, 1)]"
57380792,2,red,H8+7,"Cannot resolve move=H8+7, side=red, candidates=[(9, 1)]"
57380793,1,black,h8+7,"Cannot resolve move=h8+7, side=black, candidates=[(0, 7)]"
57380794,1,red,E3+5,"Cannot resolve move=E3+5, side=red, candidates=[(9, 6)]"
57380795,2,black,a4+5,"Cannot resolve move=a4+5, side=black, candidates=[(0, 3)]"
57380796,2,red,H2+3,"Cannot resolve move=H2+3, side=red, candidates=[(9, 7)]"
57380797,1,black,h2+3,"Cannot resolve move=h2+3, side=black, candidates=[(0, 1)]"
57380798,1,black,h8+7,"Cannot resolve move=h8+7, side=black, candidates=[(0, 7)]"
57380799,1,red,H2+3,"Cannot resolve move=H2+3, side=red, candidates=[(9, 7)]"
57380800,1,red,H2+3,"Cannot resolve move=H2+3, side=red, candidates=[(9, 7)]"
57380801,1,black,h8+7,"Cannot resolve move=h8+7, side=black, candidates=[(0, 7)]"
57380802,1,black,h8+7,"Cannot resolve move=h8+7, side=black, candidates=[(0, 7)]"
57380803,1,black,h2+3,"Cannot resolve move=h2+3, side=black, candidates=[(0, 1)]"
57380804,1,black,e7+5,"Cannot resolve move=e7+5, side=black, candidates=[(0, 6)]"
57380805,2,red,H2+3,"Cannot resolve move=H2+3, side=red, candidates=[(9, 7)]"
57380806,2,black,a6+5,"Cannot resolve move=a6+5, side=black, candidates=[(0, 5)]"
57380807,2,red,H2+3,"Cannot resolve move=H2+3, side=red, candidates=[(9, 7)]"
57380808,1,black,h8+7,"Cannot resolve move=h8+7, side=black, candidates=[(0, 7)]"
57380809,1,black,h8+7,"Cannot resolve move=h8+7, side=black, candidates=[(0, 7)]"
57380810,1,black,h8+7,"Cannot resolve move=h8+7, side=black, candidates=[(0, 7)]"
57380811,2,red,H8+7,"Cannot resolve move=H8+7, side=red, candidates=[(9, 1)]"
57380812,1,black,e3+5,"Cannot resolve move=e3+5, side=black, candidates=[(0, 2)]"
57380813,1,black,h2+3,"Cannot resolve move=h2+3, side=black, candidates=[(0, 1)]"
57380814,1,black,e7+5,"Cannot resolve move=e7+5, side=black, candidates=[(0, 6)]"
57380815,1,black,e3+5,"Cannot resolve move=e3+5, side=black, candidates=[(0, 2)]"
57380816,1,red,A4+5,"Cannot resolve move=A4+5, side=red, candidates=[(9, 5)]"
57380817,2,red,H8+7,"Cannot resolve move=H8+7, side=red, candidates=[(9, 1)]"
57380818,1,red,A4+5,"Cannot resolve move=A4+5, side=red, candidates=[(9, 5)]"
57380819,1,black,a6+5,"Cannot resolve move=a6+5, side=black, candidates=[(0, 5)]"
57380820,1,black,e7+5,"Cannot resolve move=e7+5, side=black, candidates=[(0, 6)]"
57380821,1,red,H2+3,"Cannot resolve move=H2+3, side=red, candidates=[(9, 7)]"
57380822,2,red,H2+3,"Cannot resolve move=H2+3, side=red, candidates=[(9, 7)]"
57380823,2,red,H2+3,"Cannot resolve move=H2+3, side=red, candidates=[(9, 7)]"
57380824,2,red,H2+3,"Cannot resolve move=H2+3, side=red, candidates=[(9, 7)]"
57380826,3,red,H8+7,"Cannot resolve move=H8+7, side=red, candidates=[(9, 1)]"
57380827,1,red,E3+5,"Cannot resolve move=E3+5, side=red, candidates=[(9, 6)]"
57380829,1,red,E7+5,"Cannot resolve move=E7+5, side=red, candidates=[(9, 2)]"
57380830,2,red,H2+3,"Cannot resolve move=H2+3, side=red, candidates=[(9, 7)]"
57380831,2,red,H2+3,"Cannot resolve move=H2+3, side=red, candidates=[(9, 7)]"
57380832,2,red,H2+3,"Cannot resolve move=H2+3, side=red, candidates=[(9, 7)]"
57380833,2,red,H8+7,"Cannot resolve move=H8+7, side=red, candidates=[(9, 1)]"
57380834,1,red,E7+5,"Cannot resolve move=E7+5, side=red, candidates=[(9, 2)]"
57380835,1,red,H2+3,"Cannot resolve move=H2+3, side=red, candidates=[(9, 7)]"
57380836,2,red,H8+7,"Cannot resolve move=H8+7, side=red, candidates=[(9, 1)]"
57380837,2,red,H8+7,"Cannot resolve move=H8+7, side=red, candidates=[(9, 1)]"
57380838,1,black,h2+3,"Cannot resolve move=h2+3, side=black, candidates=[(0, 1)]"
57380839,2,red,H2+3,"Cannot resolve move=H2+3, side=red, candidates=[(9, 7)]"
57380840,2,black,e7+5,"Cannot resolve move=e7+5, side=black, candidates=[(0, 6)]"
57380841,1,black,h8+7,"Cannot resolve move=h8+7, side=black, candidates=[(0, 7)]"
57380842,1,red,E3+5,"Cannot resolve move=E3+5, side=red, candidates=[(9, 6)]"
57380843,1,red,E3+5,"Cannot resolve move=E3+5, side=red, candidates=[(9, 6)]"
57380844,2,black,a4+5,"Cannot resolve move=a4+5, side=black, candidates=[(0, 3)]"
57380845,2,red,H8+7,"Cannot resolve move=H8+7, side=red, candidates=[(9, 1)]"
57380846,1,black,h8+7,"Cannot resolve move=h8+7, side=black, candidates=[(0, 7)]"
57380847,1,red,H8+7,"Cannot resolve move=H8+7, side=red, candidates=[(9, 1)]"
57380848,2,red,H2+3,"Cannot resolve move=H2+3, side=red, candidates=[(9, 7)]"
57380849,2,red,H8+7,"Cannot resolve move=H8+7, side=red, candidates=[(9, 1)]"
57380850,1,black,h2+3,"Cannot resolve move=h2+3, side=black, candidates=[(0, 1)]"
57380851,2,red,A6+5,"Cannot resolve move=A6+5, side=red, candidates=[(9, 3)]"
57380852,2,red,H2+3,"Cannot resolve move=H2+3, side=red, candidates=[(9, 7)]"
57380853,1,black,h8+7,"Cannot resolve move=h8+7, side=black, candidates=[(0, 7)]"
57380855,1,red,H8+7,"Cannot resolve move=H8+7, side=red, candidates=[(9, 1)]"
57380856,1,black,h2+3,"Cannot resolve move=h2+3, side=black, candidates=[(0, 1)]"
57380857,1,red,A6+5,"Cannot resolve move=A6+5, side=red, candidates=[(9, 3)]"
57380858,1,red,E3+5,"Cannot resolve move=E3+5, side=red, candidates=[(9, 6)]"
57380859,1,black,h2+3,"Cannot resolve move=h2+3, side=black, candidates=[(0, 1)]"
57380860,2,black,h8+9,"Cannot resolve move=h8+9, side=black, candidates=[(0, 7)]"
57380861,1,black,h8+7,"Cannot resolve move=h8+7, side=black, candidates=[(0, 7)]"
57380862,1,black,e7+5,"Cannot resolve move=e7+5, side=black, candidates=[(0, 6)]"
57380863,1,black,a6+5,"Cannot resolve move=a6+5, side=black, candidates=[(0, 5)]"
57380864,1,black,h8+7,"Cannot resolve move=h8+7, side=black, candidates=[(0, 7)]"
57380865,1,black,h8+7,"Cannot resolve move=h8+7, side=black, candidates=[(0, 7)]"
57380866,1,red,H2+3,"Cannot resolve move=H2+3, side=red, candidates=[(9, 7)]"
57380867,1,black,h8+7,"Cannot resolve move=h8+7, side=black, candidates=[(0, 7)]"
57380868,2,red,H8+9,"Cannot resolve move=H8+9, side=red, candidates=[(9, 1)]"
57380869,2,red,H8+7,"Cannot resolve move=H8+7, side=red, candidates=[(9, 1)]"
57380870,2,red,H2+3,"Cannot resolve move=H2+3, side=red, candidates=[(9, 7)]"
57380871,2,red,H2+3,"Cannot resolve move=H2+3, side=red, candidates=[(9, 7)]"
57380873,2,red,H8+7,"Cannot resolve move=H8+7, side=red, candidates=[(9, 1)]"
57380874,2,red,H2+3,"Cannot resolve move=H2+3, side=red, candidates=[(9, 7)]"
57380875,2,red,H2+3,"Cannot resolve move=H2+3, side=red, candidates=[(9, 7)]"
57380876,1,black,h8+7,"Cannot resolve move=h8+7, side=black, candidates=[(0, 7)]"
57380877,2,red,H8+7,"Cannot resolve move=H8+7, side=red, candidates=[(9, 1)]"
57380878,2,red,H2+3,"Cannot resolve move=H2+3, side=red, candidates=[(9, 7)]"
57380879,2,red,H2+3,"Cannot resolve move=H2+3, side=red, candidates=[(9, 7)]"
57380880,2,red,H2+3,"Cannot resolve move=H2+3, side=red, candidates=[(9, 7)]"
57380881,2,red,H2+3,"Cannot resolve move=H2+3, side=red, candidates=[(9, 7)]"
57380882,1,red,E3+5,"Cannot resolve move=E3+5, side=red, candidates=[(9, 6)]"
57380883,1,black,e3+5,"Cannot resolve move=e3+5, side=black, candidates=[(0, 2)]"
57380884,1,black,h8+7,"Cannot resolve move=h8+7, side=black, candidates=[(0, 7)]"
57380885,1,black,e7+5,"Cannot resolve move=e7+5, side=black, candidates=[(0, 6)]"
57380886,1,black,h8+7,"Cannot resolve move=h8+7, side=black, candidates=[(0, 7)]"
57380887,2,red,H2+3,"Cannot resolve move=H2+3, side=red, candidates=[(9, 7)]"
57380888,1,black,h8+7,"Cannot resolve move=h8+7, side=black, candidates=[(0, 7)]"
57380889,1,red,E3+5,"Cannot resolve move=E3+5, side=red, candidates=[(9, 6)]"
57380890,1,black,h8+7,"Cannot resolve move=h8+7, side=black, candidates=[(0, 7)]"
57380891,1,black,h2+3,"Cannot resolve move=h2+3, side=black, candidates=[(0, 1)]"
57380892,1,black,h2+3,"Cannot resolve move=h2+3, side=black, candidates=[(0, 1)]"
57380893,2,red,H2+3,"Cannot resolve move=H2+3, side=red, candidates=[(9, 7)]"
57380894,1,black,e3+5,"Cannot resolve move=e3+5, side=black, candidates=[(0, 2)]"
57380895,1,red,A4+5,"Cannot resolve move=A4+5, side=red, candidates=[(9, 5)]"
57380896,2,red,H2+3,"Cannot resolve move=H2+3, side=red, candidates=[(9, 7)]"
57380897,1,red,E7+5,"Cannot resolve move=E7+5, side=red, candidates=[(9, 2)]"
57380898,1,red,E7+5,"Cannot resolve move=E7+5, side=red, candidates=[(9, 2)]"
57380899,2,red,H2+3,"Cannot resolve move=H2+3, side=red, candidates=[(9, 7)]"
57380900,2,black,h8+7,"Cannot resolve move=h8+7, side=black, candidates=[(0, 7)]"
57380901,1,black,h8+7,"Cannot resolve move=h8+7, side=black, candidates=[(0, 7)]"
57380902,1,black,h8+7,"Cannot resolve move=h8+7, side=black, candidates=[(0, 7)]"
57380903,2,red,H2+3,"Cannot resolve move=H2+3, side=red, candidates=[(9, 7)]"
57380904,1,red,E3+5,"Cannot resolve move=E3+5, side=red, candidates=[(9, 6)]"
57380905,1,red,E7+5,"Cannot resolve move=E7+5, side=red, candidates=[(9, 2)]"
57380906,1,red,E3+5,"Cannot resolve move=E3+5, side=red, candidates=[(9, 6)]"
57380907,1,black,h8+7,"Cannot resolve move=h8+7, side=black, candidates=[(0, 7)]"
57380908,2,red,H2+3,"Cannot resolve move=H2+3, side=red, candidates=[(9, 7)]"
57380909,2,red,H2+3,"Cannot resolve move=H2+3, side=red, candidates=[(9, 7)]"
57380910,1,red,E7+5,"Cannot resolve move=E7+5, side=red, candidates=[(9, 2)]"
57380911,1,black,h2+3,"Cannot resolve move=h2+3, side=black, candidates=[(0, 1)]"
57380912,2,black,a6+5,"Cannot resolve move=a6+5, side=black, candidates=[(0, 5)]"
57380913,1,black,h2+3,"Cannot resolve move=h2+3, side=black, candidates=[(0, 1)]"
57380914,2,red,H2+3,"Cannot resolve move=H2+3, side=red, candidates=[(9, 7)]"
57380915,1,red,E3+5,"Cannot resolve move=E3+5, side=red, candidates=[(9, 6)]"
57380916,2,red,H2+3,"Cannot resolve move=H2+3, side=red, candidates=[(9, 7)]"
57380917,2,red,H2+3,"Cannot resolve move=H2+3, side=red, candidates=[(9, 7)]"
57380918,1,black,h2+3,"Cannot resolve move=h2+3, side=black, candidates=[(0, 1)]"
57380919,2,red,H8+7,"Cannot resolve move=H8+7, side=red, candidates=[(9, 1)]"
57380920,1,black,h2+3,"Cannot resolve move=h2+3, side=black, candidates=[(0, 1)]"
57380921,1,black,e3+5,"Cannot resolve move=e3+5, side=black, candidates=[(0, 2)]"
57380922,1,red,E7+5,"Cannot resolve move=E7+5, side=red, candidates=[(9, 2)]"
57380923,1,black,h8+7,"Cannot resolve move=h8+7, side=black, candidates=[(0, 7)]"
57380924,1,red,E3+5,"Cannot resolve move=E3+5, side=red, candidates=[(9, 6)]"
57380925,2,red,H2+3,"Cannot resolve move=H2+3, side=red, candidates=[(9, 7)]"
57380926,1,red,E7+5,"Cannot resolve move=E7+5, side=red, candidates=[(9, 2)]"
57380927,2,black,a6+5,"Cannot resolve move=a6+5, side=black, candidates=[(0, 5)]"
57380928,1,black,h2+3,"Cannot resolve move=h2+3, side=black, candidates=[(0, 1)]"
57380929,1,red,E3+5,"Cannot resolve move=E3+5, side=red, candidates=[(9, 6)]"
57380930,1,black,h8+7,"Cannot resolve move=h8+7, side=black, candidates=[(0, 7)]"
57380931,1,black,e7+5,"Cannot resolve move=e7+5, side=black, candidates=[(0, 6)]"
57380932,2,red,H8+7,"Cannot resolve move=H8+7, side=red, candidates=[(9, 1)]"
57380933,1,black,h8+7,"Cannot resolve move=h8+7, side=black, candidates=[(0, 7)]"
57380934,2,red,H2+3,"Cannot resolve move=H2+3, side=red, candidates=[(9, 7)]"
57380935,2,black,a4+5,"Cannot resolve move=a4+5, side=black, candidates=[(0, 3)]"
57380936,2,black,e7+5,"Cannot resolve move=e7+5, side=black, candidates=[(0, 6)]"
57380937,2,red,H8+7,"Cannot resolve move=H8+7, side=red, candidates=[(9, 1)]"
57380938,1,red,A6+5,"Cannot resolve move=A6+5, side=red, candidates=[(9, 3)]"
57380939,2,red,H8+7,"Cannot resolve move=H8+7, side=red, candidates=[(9, 1)]"
57380940,2,red,H2+3,"Cannot resolve move=H2+3, side=red, candidates=[(9, 7)]"
57380941,1,black,h8+7,"Cannot resolve move=h8+7, side=black, candidates=[(0, 7)]"
57380942,1,red,H2+3,"Cannot resolve move=H2+3, side=red, candidates=[(9, 7)]"
57380943,2,red,H8+7,"Cannot resolve move=H8+7, side=red, candidates=[(9, 1)]"
57380944,2,red,H2+3,"Cannot resolve move=H2+3, side=red, candidates=[(9, 7)]"
57380945,1,red,H2+3,"Cannot resolve move=H2+3, side=red, candidates=[(9, 7)]"
57380946,2,red,H2+3,"Cannot resolve move=H2+3, side=red, candidates=[(9, 7)]"
57380947,1,black,h8+7,"Cannot resolve move=h8+7, side=black, candidates=[(0, 7)]"
57380948,2,red,H2+3,"Cannot resolve move=H2+3, side=red, candidates=[(9, 7)]"
57380949,1,black,h2+3,"Cannot resolve move=h2+3, side=black, candidates=[(0, 1)]"
57380950,1,black,h2+3,"Cannot resolve move=h2+3, side=black, candidates=[(0, 1)]"
57380951,1,black,e3+5,"Cannot resolve move=e3+5, side=black, candidates=[(0, 2)]"
57380952,2,red,H8+7,"Cannot resolve move=H8+7, side=red, candidates=[(9, 1)]"
57380953,2,red,H8+7,"Cannot resolve move=H8+7, side=red, candidates=[(9, 1)]"
57380954,1,black,h2+3,"Cannot resolve move=h2+3, side=black, candidates=[(0, 1)]"
57380955,1,black,h8+7,"Cannot resolve move=h8+7, side=black, candidates=[(0, 7)]"
57380956,1,black,a4+5,"Cannot resolve move=a4+5, side=black, candidates=[(0, 3)]"
57380957,1,red,E3+5,"Cannot resolve move=E3+5, side=red, candidates=[(9, 6)]"
57380958,1,red,E3+5,"Cannot resolve move=E3+5, side=red, candidates=[(9, 6)]"
57380959,1,black,h8+7,"Cannot resolve move=h8+7, side=black, candidates=[(0, 7)]"
57380960,2,red,H8+7,"Cannot resolve move=H8+7, side=red, candidates=[(9, 1)]"
57380961,1,black,h8+7,"Cannot resolve move=h8+7, side=black, candidates=[(0, 7)]"
57380962,2,red,H8+7,"Cannot resolve move=H8+7, side=red, candidates=[(9, 1)]"
57380963,1,red,H8+7,"Cannot resolve move=H8+7, side=red, candidates=[(9, 1)]"
57380964,1,red,H8+7,"Cannot resolve move=H8+7, side=red, candidates=[(9, 1)]"
57380965,2,red,H2+3,"Cannot resolve move=H2+3, side=red, candidates=[(9, 7)]"
57380966,1,black,h8+7,"Cannot resolve move=h8+7, side=black, candidates=[(0, 7)]"
57380967,2,red,H8+7,"Cannot resolve move=H8+7, side=red, candidates=[(9, 1)]"
57380968,1,black,h2+3,"Cannot resolve move=h2+3, side=black, candidates=[(0, 1)]"
57380969,1,black,h2+3,"Cannot resolve move=h2+3, side=black, candidates=[(0, 1)]"
57380970,1,black,h8+7,"Cannot resolve move=h8+7, side=black, candidates=[(0, 7)]"
57380972,1,red,E7+5,"Cannot resolve move=E7+5, side=red, candidates=[(9, 2)]"
57380973,1,black,a4+5,"Cannot resolve move=a4+5, side=black, candidates=[(0, 3)]"
57380974,1,red,E3+5,"Cannot resolve move=E3+5, side=red, candidates=[(9, 6)]"
57380975,1,black,e3+5,"Cannot resolve move=e3+5, side=black, candidates=[(0, 2)]"
57380976,1,red,E7+5,"Cannot resolve move=E7+5, side=red, candidates=[(9, 2)]"
57380977,1,red,E7+5,"Cannot resolve move=E7+5, side=red, candidates=[(9, 2)]"
57380978,1,black,e3+5,"Cannot resolve move=e3+5, side=black, candidates=[(0, 2)]"
57380979,2,red,H2+3,"Cannot resolve move=H2+3, side=red, candidates=[(9, 7)]"
57380980,1,black,h8+7,"Cannot resolve move=h8+7, side=black, candidates=[(0, 7)]"
57380981,2,red,H8+7,"Cannot resolve move=H8+7, side=red, candidates=[(9, 1)]"
57380982,1,black,h8+7,"Cannot resolve move=h8+7, side=black, candidates=[(0, 7)]"
57380983,2,red,H8+7,"Cannot resolve move=H8+7, side=red, candidates=[(9, 1)]"
57380984,1,black,e7+5,"Cannot resolve move=e7+5, side=black, candidates=[(0, 6)]"
57380985,1,red,H2+3,"Cannot resolve move=H2+3, side=red, candidates=[(9, 7)]"
57380986,1,red,H2+3,"Cannot resolve move=H2+3, side=red, candidates=[(9, 7)]"
57380987,1,red,A4+5,"Cannot resolve move=A4+5, side=red, candidates=[(9, 5)]"
57380988,1,black,h8+7,"Cannot resolve move=h8+7, side=black, candidates=[(0, 7)]"
57380989,2,red,H2+3,"Cannot resolve move=H2+3, side=red, candidates=[(9, 7)]"
57380990,1,red,H8+7,"Cannot resolve move=H8+7, side=red, candidates=[(9, 1)]"
57380991,1,red,E7+5,"Cannot resolve move=E7+5, side=red, candidates=[(9, 2)]"
57380992,1,black,h8+7,"Cannot resolve move=h8+7, side=black, candidates=[(0, 7)]"
57380993,2,red,H2+3,"Cannot resolve move=H2+3, side=red, candidates=[(9, 7)]"
57380994,2,red,E3+5,"Cannot resolve move=E3+5, side=red, candidates=[(9, 6)]"
57380995,1,black,e3+5,"Cannot resolve move=e3+5, side=black, candidates=[(0, 2)]"
57380996,1,black,h8+7,"Cannot resolve move=h8+7, side=black, candidates=[(0, 7)]"
57380997,2,red,H2+3,"Cannot resolve move=H2+3, side=red, candidates=[(9, 7)]"
57380998,1,red,H8+7,"Cannot resolve move=H8+7, side=red, candidates=[(9, 1)]"
57380999,2,red,H8+7,"Cannot resolve move=H8+7, side=red, candidates=[(9, 1)]"
57381000,1,red,H8+7,"Cannot resolve move=H8+7, side=red, candidates=[(9, 1)]"
57381001,1,black,h8+7,"Cannot resolve move=h8+7, side=black, candidates=[(0, 7)]"
57381002,2,red,H2+3,"Cannot resolve move=H2+3, side=red, candidates=[(9, 7)]"
57381003,2,red,H2+3,"Cannot resolve move=H2+3, side=red, candidates=[(9, 7)]"
57381004,1,red,E7+5,"Cannot resolve move=E7+5, side=red, candidates=[(9, 2)]"
57381005,1,red,H8+7,"Cannot resolve move=H8+7, side=red, candidates=[(9, 1)]"
57381006,2,black,a6+5,"Cannot resolve move=a6+5, side=black, candidates=[(0, 5)]"
57381007,1,red,E3+5,"Cannot resolve move=E3+5, side=red, candidates=[(9, 6)]"
57381008,2,red,E7+5,"Cannot resolve move=E7+5, side=red, candidates=[(9, 2)]"
57381009,2,red,H2+3,"Cannot resolve move=H2+3, side=red, candidates=[(9, 7)]"
57381010,1,red,H8+7,"Cannot resolve move=H8+7, side=red, candidates=[(9, 1)]"
57381011,1,black,e3+5,"Cannot resolve move=e3+5, side=black, candidates=[(0, 2)]"
57381013,2,red,H8+7,"Cannot resolve move=H8+7, side=red, candidates=[(9, 1)]"
57381014,1,black,h2+3,"Cannot resolve move=h2+3, side=black, candidates=[(0, 1)]"
57381015,1,red,E3+5,"Cannot resolve move=E3+5, side=red, candidates=[(9, 6)]"
57381016,1,black,h2+3,"Cannot resolve move=h2+3, side=black, candidates=[(0, 1)]"
57381017,1,black,h2+3,"Cannot resolve move=h2+3, side=black, candidates=[(0, 1)]"
57381018,1,black,e3+5,"Cannot resolve move=e3+5, side=black, candidates=[(0, 2)]"
57381019,2,red,H2+3,"Cannot resolve move=H2+3, side=red, candidates=[(9, 7)]"
57381020,1,black,h8+7,"Cannot resolve move=h8+7, side=black, candidates=[(0, 7)]"
57381021,1,black,h2+3,"Cannot resolve move=h2+3, side=black, candidates=[(0, 1)]"
57381022,2,red,E7+5,"Cannot resolve move=E7+5, side=red, candidates=[(9, 2)]"
57381023,1,red,H8+7,"Cannot resolve move=H8+7, side=red, candidates=[(9, 1)]"
57381024,1,black,h2+3,"Cannot resolve move=h2+3, side=black, candidates=[(0, 1)]"
57381025,2,black,a6+5,"Cannot resolve move=a6+5, side=black, candidates=[(0, 5)]"
57381026,2,red,H8+7,"Cannot resolve move=H8+7, side=red, candidates=[(9, 1)]"
57381027,1,red,E7+5,"Cannot resolve move=E7+5, side=red, candidates=[(9, 2)]"
57381028,1,black,h2+3,"Cannot resolve move=h2+3, side=black, candidates=[(0, 1)]"
57381029,1,black,h8+7,"Cannot resolve move=h8+7, side=black, candidates=[(0, 7)]"
57381030,1,red,E3+5,"Cannot resolve move=E3+5, side=red, candidates=[(9, 6)]"
57381031,2,red,H2+3,"Cannot resolve move=H2+3, side=red, candidates=[(9, 7)]"
57381032,2,red,H8+7,"Cannot resolve move=H8+7, side=red, candidates=[(9, 1)]"
57381033,2,red,H2+3,"Cannot resolve move=H2+3, side=red, candidates=[(9, 7)]"
57381034,1,black,h2+3,"Cannot resolve move=h2+3, side=black, candidates=[(0, 1)]"
57381035,1,black,a4+5,"Cannot resolve move=a4+5, side=black, candidates=[(0, 3)]"
57381036,1,red,H8+7,"Cannot resolve move=H8+7, side=red, candidates=[(9, 1)]"
57381037,1,red,E3+5,"Cannot resolve move=E3+5, side=red, candidates=[(9, 6)]"
57381038,2,red,H8+7,"Cannot resolve move=H8+7, side=red, candidates=[(9, 1)]"
57381039,2,red,H8+7,"Cannot resolve move=H8+7, side=red, candidates=[(9, 1)]"
57381040,2,red,H2+3,"Cannot resolve move=H2+3, side=red, candidates=[(9, 7)]"
57381041,2,red,H2+3,"Cannot resolve move=H2+3, side=red, candidates=[(9, 7)]"
57381042,1,black,e3+5,"Cannot resolve move=e3+5, side=black, candidates=[(0, 2)]"
57381043,2,red,H8+7,"Cannot resolve move=H8+7, side=red, candidates=[(9, 1)]"
57381044,1,black,h8+7,"Cannot resolve move=h8+7, side=black, candidates=[(0, 7)]"
57381045,1,black,h2+3,"Cannot resolve move=h2+3, side=black, candidates=[(0, 1)]"
57381046,1,red,E7+5,"Cannot resolve move=E7+5, side=red, candidates=[(9, 2)]"
57381047,1,black,h8+7,"Cannot resolve move=h8+7, side=black, candidates=[(0, 7)]"
57381048,1,black,h8+7,"Cannot resolve move=h8+7, side=black, candidates=[(0, 7)]"
57381049,1,red,H8+9,"Cannot resolve move=H8+9, side=red, candidates=[(9, 1)]"
57381050,1,black,h2+3,"Cannot resolve move=h2+3, side=black, candidates=[(0, 1)]"
57381051,1,black,h8+7,"Cannot resolve move=h8+7, side=black, candidates=[(0, 7)]"
57381052,2,red,H2+3,"Cannot resolve move=H2+3, side=red, candidates=[(9, 7)]"
57381053,2,red,H2+3,"Cannot resolve move=H2+3, side=red, candidates=[(9, 7)]"
57381054,2,red,H8+7,"Cannot resolve move=H8+7, side=red, candidates=[(9, 1)]"
57381055,1,red,A6+5,"Cannot resolve move=A6+5, side=red, candidates=[(9, 3)]"
57381056,1,black,a4+5,"Cannot resolve move=a4+5, side=black, candidates=[(0, 3)]"
57381057,2,red,H8+7,"Cannot resolve move=H8+7, side=red, candidates=[(9, 1)]"
57381058,2,black,h8+7,"Cannot resolve move=h8+7, side=black, candidates=[(0, 7)]"
57381059,2,black,a4+5,"Cannot resolve move=a4+5, side=black, candidates=[(0, 3)]"
57381060,1,black,h2+3,"Cannot resolve move=h2+3, side=black, candidates=[(0, 1)]"
57381061,1,black,h2+3,"Cannot resolve move=h2+3, side=black, candidates=[(0, 1)]"
57381062,1,red,E7+5,"Cannot resolve move=E7+5, side=red, candidates=[(9, 2)]"
57381063,1,black,h2+3,"Cannot resolve move=h2+3, side=black, candidates=[(0, 1)]"
57381064,1,red,H8+7,"Cannot resolve move=H8+7, side=red, candidates=[(9, 1)]"
57381065,2,black,a4+5,"Cannot resolve move=a4+5, side=black, candidates=[(0, 3)]"
57381066,1,black,h2+3,"Cannot resolve move=h2+3, side=black, candidates=[(0, 1)]"
57381067,2,red,H2+3,"Cannot resolve move=H2+3, side=red, candidates=[(9, 7)]"
57381068,2,red,H8+7,"Cannot resolve move=H8+7, side=red, candidates=[(9, 1)]"
57381069,1,black,e7+5,"Cannot resolve move=e7+5, side=black, candidates=[(0, 6)]"
57381070,1,red,E3+5,"Cannot resolve move=E3+5, side=red, candidates=[(9, 6)]"
57381071,1,red,E3+5,"Cannot resolve move=E3+5, side=red, candidates=[(9, 6)]"
57381072,1,black,h2+3,"Cannot resolve move=h2+3, side=black, candidates=[(0, 1)]"
57381073,2,red,H8+7,"Cannot resolve move=H8+7, side=red, candidates=[(9, 1)]"
57381074,1,black,e7+5,"Cannot resolve move=e7+5, side=black, candidates=[(0, 6)]"
57381075,2,red,H2+3,"Cannot resolve move=H2+3, side=red, candidates=[(9, 7)]"
57381076,2,black,h8+7,"Cannot resolve move=h8+7, side=black, candidates=[(0, 7)]"
57381077,1,red,H2+3,"Cannot resolve move=H2+3, side=red, candidates=[(9, 7)]"
57381078,1,black,h8+7,"Cannot resolve move=h8+7, side=black, candidates=[(0, 7)]"
57381079,1,black,h8+7,"Cannot resolve move=h8+7, side=black, candidates=[(0, 7)]"
57381080,1,black,h8+7,"Cannot resolve move=h8+7, side=black, candidates=[(0, 7)]"
57381081,2,red,H8+7,"Cannot resolve move=H8+7, side=red, candidates=[(9, 1)]"
57381082,2,black,a6+5,"Cannot resolve move=a6+5, side=black, candidates=[(0, 5)]"
57381083,1,red,H2+3,"Cannot resolve move=H2+3, side=red, candidates=[(9, 7)]"
57381084,1,black,h8+7,"Cannot resolve move=h8+7, side=black, candidates=[(0, 7)]"
57381085,1,red,H8+7,"Cannot resolve move=H8+7, side=red, candidates=[(9, 1)]"
57381086,1,black,h8+7,"Cannot resolve move=h8+7, side=black, candidates=[(0, 7)]"
57381087,1,black,h2+3,"Cannot resolve move=h2+3, side=black, candidates=[(0, 1)]"
57381088,1,black,h8+7,"Cannot resolve move=h8+7, side=black, candidates=[(0, 7)]"
57381089,1,red,E7+5,"Cannot resolve move=E7+5, side=red, candidates=[(9, 2)]"
57381090,2,black,h2+3,"Cannot resolve move=h2+3, side=black, candidates=[(0, 1)]"
57381091,1,black,e7+5,"Cannot resolve move=e7+5, side=black, candidates=[(0, 6)]"
57381092,2,red,H2+3,"Cannot resolve move=H2+3, side=red, candidates=[(9, 7)]"
57381093,1,black,h2+3,"Cannot resolve move=h2+3, side=black, candidates=[(0, 1)]"
57381094,1,red,E7+5,"Cannot resolve move=E7+5, side=red, candidates=[(9, 2)]"
57381095,2,black,h2+3,"Cannot resolve move=h2+3, side=black, candidates=[(0, 1)]"
57381096,1,red,H8+7,"Cannot resolve move=H8+7, side=red, candidates=[(9, 1)]"
57381097,2,red,H8+7,"Cannot resolve move=H8+7, side=red, candidates=[(9, 1)]"
57381098,1,black,h2+3,"Cannot resolve move=h2+3, side=black, candidates=[(0, 1)]"
57381099,2,red,A6+5,"Cannot resolve move=A6+5, side=red, candidates=[(9, 3)]"
57381100,2,black,a6+5,"Cannot resolve move=a6+5, side=black, candidates=[(0, 5)]"
57381101,2,red,E7+5,"Cannot resolve move=E7+5, side=red, candidates=[(9, 2)]"
57381102,1,red,H8+7,"Cannot resolve move=H8+7, side=red, candidates=[(9, 1)]"
57381103,1,black,h8+7,"Cannot resolve move=h8+7, side=black, candidates=[(0, 7)]"
57381104,2,red,H8+7,"Cannot resolve move=H8+7, side=red, candidates=[(9, 1)]"
57381105,2,red,H2+3,"Cannot resolve move=H2+3, side=red, candidates=[(9, 7)]"
57381106,1,red,E7+5,"Cannot resolve move=E7+5, side=red, candidates=[(9, 2)]"
57381107,2,red,H2+3,"Cannot resolve move=H2+3, side=red, candidates=[(9, 7)]"
57381108,1,red,E7+5,"Cannot resolve move=E7+5, side=red, candidates=[(9, 2)]"
57381109,1,black,h2+3,"Cannot resolve move=h2+3, side=black, candidates=[(0, 1)]"
57381110,2,red,H2+3,"Cannot resolve move=H2+3, side=red, candidates=[(9, 7)]"
57381111,1,black,h8+7,"Cannot resolve move=h8+7, side=black, candidates=[(0, 7)]"
57381112,2,red,H2+3,"Cannot resolve move=H2+3, side=red, candidates=[(9, 7)]"
57381113,1,red,H2+3,"Cannot resolve move=H2+3, side=red, candidates=[(9, 7)]"
57381114,1,black,h8+7,"Cannot resolve move=h8+7, side=black, candidates=[(0, 7)]"
57381115,2,red,H2+3,"Cannot resolve move=H2+3, side=red, candidates=[(9, 7)]"
57381116,2,red,H8+7,"Cannot resolve move=H8+7, side=red, candidates=[(9, 1)]"
57381117,2,red,H2+3,"Cannot resolve move=H2+3, side=red, candidates=[(9, 7)]"
57381118,1,red,E3+5,"Cannot resolve move=E3+5, side=red, candidates=[(9, 6)]"
57381119,2,red,H2+3,"Cannot resolve move=H2+3, side=red, candidates=[(9, 7)]"
57381120,2,red,H8+7,"Cannot resolve move=H8+7, side=red, candidates=[(9, 1)]"
57381121,2,red,H8+7,"Cannot resolve move=H8+7, side=red, candidates=[(9, 1)]"
57381122,1,red,E3+5,"Cannot resolve move=E3+5, side=red, candidates=[(9, 6)]"
57381123,1,black,h2+3,"Cannot resolve move=h2+3, side=black, candidates=[(0, 1)]"
57381124,1,black,h8+7,"Cannot resolve move=h8+7, side=black, candidates=[(0, 7)]"
57381125,2,red,H8+7,"Cannot resolve move=H8+7, side=red, candidates=[(9, 1)]"
57381126,2,red,H2+3,"Cannot resolve move=H2+3, side=red, candidates=[(9, 7)]"
57381127,1,black,h2+3,"Cannot resolve move=h2+3, side=black, candidates=[(0, 1)]"
57381128,1,red,H2+3,"Cannot resolve move=H2+3, side=red, candidates=[(9, 7)]"
57381129,2,red,E7+5,"Cannot resolve move=E7+5, side=red, candidates=[(9, 2)]"
57381130,1,black,h8+7,"Cannot resolve move=h8+7, side=black, candidates=[(0, 7)]"
57381131,1,red,E3+5,"Cannot resolve move=E3+5, side=red, candidates=[(9, 6)]"
57381132,1,red,E7+5,"Cannot resolve move=E7+5, side=red, candidates=[(9, 2)]"
57381133,2,black,h2+3,"Cannot resolve move=h2+3, side=black, candidates=[(0, 1)]"
57381134,1,red,A6+5,"Cannot resolve move=A6+5, side=red, candidates=[(9, 3)]"
57381135,1,black,h2+3,"Cannot resolve move=h2+3, side=black, candidates=[(0, 1)]"
57381136,1,red,H8+7,"Cannot resolve move=H8+7, side=red, candidates=[(9, 1)]"
57381137,2,red,H2+3,"Cannot resolve move=H2+3, side=red, candidates=[(9, 7)]"
57381138,1,black,h2+3,"Cannot resolve move=h2+3, side=black, candidates=[(0, 1)]"
57381139,1,black,h8+7,"Cannot resolve move=h8+7, side=black, candidates=[(0, 7)]"
57381140,1,red,H2+3,"Cannot resolve move=H2+3, side=red, candidates=[(9, 7)]"
57381141,1,black,h8+7,"Cannot resolve move=h8+7, side=black, candidates=[(0, 7)]"
57381142,2,black,a4+5,"Cannot resolve move=a4+5, side=black, candidates=[(0, 3)]"
57381143,1,black,a4+5,"Cannot resolve move=a4+5, side=black, candidates=[(0, 3)]"
57381144,1,red,E3+5,"Cannot resolve move=E3+5, side=red, candidates=[(9, 6)]"
57381145,2,red,H2+3,"Cannot resolve move=H2+3, side=red, candidates=[(9, 7)]"
57381146,2,red,E7+5,"Cannot resolve move=E7+5, side=red, candidates=[(9, 2)]"
57381147,1,black,h8+7,"Cannot resolve move=h8+7, side=black, candidates=[(0, 7)]"
57381148,1,black,e7+5,"Cannot resolve move=e7+5, side=black, candidates=[(0, 6)]"
57381149,1,black,e7+5,"Cannot resolve move=e7+5, side=black, candidates=[(0, 6)]"
57381150,2,black,h2+3,"Cannot resolve move=h2+3, side=black, candidates=[(0, 1)]"
57381151,2,black,a6+5,"Cannot resolve move=a6+5, side=black, candidates=[(0, 5)]"
57381152,1,black,h8+7,"Cannot resolve move=h8+7, side=black, candidates=[(0, 7)]"
57381153,2,red,H2+3,"Cannot resolve move=H2+3, side=red, candidates=[(9, 7)]"
57381154,2,red,H8+7,"Cannot resolve move=H8+7, side=red, candidates=[(9, 1)]"
57381155,1,black,h8+7,"Cannot resolve move=h8+7, side=black, candidates=[(0, 7)]"
57381156,2,black,h8+7,"Cannot resolve move=h8+7, side=black, candidates=[(0, 7)]"
57381157,1,black,h2+3,"Cannot resolve move=h2+3, side=black, candidates=[(0, 1)]"
57381158,1,black,h8+7,"Cannot resolve move=h8+7, side=black, candidates=[(0, 7)]"
57381159,1,black,h8+7,"Cannot resolve move=h8+7, side=black, candidates=[(0, 7)]"
57381160,1,black,e3+5,"Cannot resolve move=e3+5, side=black, candidates=[(0, 2)]"
57381161,2,red,H2+3,"Cannot resolve move=H2+3, side=red, candidates=[(9, 7)]"
57381162,1,red,E7+5,"Cannot resolve move=E7+5, side=red, candidates=[(9, 2)]"
57381163,2,red,H2+3,"Cannot resolve move=H2+3, side=red, candidates=[(9, 7)]"
57381164,1,red,H8+7,"Cannot resolve move=H8+7, side=red, candidates=[(9, 1)]"
57381165,1,black,h8+7,"Cannot resolve move=h8+7, side=black, candidates=[(0, 7)]"
57381166,1,black,e7+5,"Cannot resolve move=e7+5, side=black, candidates=[(0, 6)]"
57381167,1,black,h2+3,"Cannot resolve move=h2+3, side=black, candidates=[(0, 1)]"
57381169,1,black,h8+7,"Cannot resolve move=h8+7, side=black, candidates=[(0, 7)]"
57381170,1,black,h8+7,"Cannot resolve move=h8+7, side=black, candidates=[(0, 7)]"
57381171,1,black,h2+3,"Cannot resolve move=h2+3, side=black, candidates=[(0, 1)]"
57381172,2,red,H2+3,"Cannot resolve move=H2+3, side=red, candidates=[(9, 7)]"
57381173,1,black,e7+5,"Cannot resolve move=e7+5, side=black, candidates=[(0, 6)]"
57381174,2,red,H2+3,"Cannot resolve move=H2+3, side=red, candidates=[(9, 7)]"
57381175,1,black,h8+7,"Cannot resolve move=h8+7, side=black, candidates=[(0, 7)]"
57381176,1,black,h2+3,"Cannot resolve move=h2+3, side=black, candidates=[(0, 1)]"
57381177,1,red,E3+5,"Cannot resolve move=E3+5, side=red, candidates=[(9, 6)]"
57381179,1,black,h2+3,"Cannot resolve move=h2+3, side=black, candidates=[(0, 1)]"
57381180,2,red,H8+7,"Cannot resolve move=H8+7, side=red, candidates=[(9, 1)]"
57381181,2,black,h8+7,"Cannot resolve move=h8+7, side=black, candidates=[(0, 7)]"
57381182,1,black,h2+3,"Cannot resolve move=h2+3, side=black, candidates=[(0, 1)]"
57381183,1,red,E3+5,"Cannot resolve move=E3+5, side=red, candidates=[(9, 6)]"
57381184,1,red,H2+3,"Cannot resolve move=H2+3, side=red, candidates=[(9, 7)]"
57381185,1,black,h8+7,"Cannot resolve move=h8+7, side=black, candidates=[(0, 7)]"
57381186,1,black,e7+5,"Cannot resolve move=e7+5, side=black, candidates=[(0, 6)]"
57381187,1,black,h8+7,"Cannot resolve move=h8+7, side=black, candidates=[(0, 7)]"
57381188,2,red,H2+3,"Cannot resolve move=H2+3, side=red, candidates=[(9, 7)]"
57381189,1,black,h8+7,"Cannot resolve move=h8+7, side=black, candidates=[(0, 7)]"
57381190,2,red,H2+3,"Cannot resolve move=H2+3, side=red, candidates=[(9, 7)]"
57381191,2,red,H2+3,"Cannot resolve move=H2+3, side=red, candidates=[(9, 7)]"
57381192,1,red,H8+7,"Cannot resolve move=H8+7, side=red, candidates=[(9, 1)]"
57381193,1,black,h2+3,"Cannot resolve move=h2+3, side=black, candidates=[(0, 1)]"
57381194,2,red,E7+5,"Cannot resolve move=E7+5, side=red, candidates=[(9, 2)]"
57381195,1,red,A4+5,"Cannot resolve move=A4+5, side=red, candidates=[(9, 5)]"
57381196,1,black,e3+5,"Cannot resolve move=e3+5, side=black, candidates=[(0, 2)]"
57381197,1,black,h8+7,"Cannot resolve move=h8+7, side=black, candidates=[(0, 7)]"
57381198,2,red,E3+5,"Cannot resolve move=E3+5, side=red, candidates=[(9, 6)]"
57381199,2,red,H2+3,"Cannot resolve move=H2+3, side=red, candidates=[(9, 7)]"
57381200,1,black,e7+5,"Cannot resolve move=e7+5, side=black, candidates=[(0, 6)]"
57381201,2,red,H2+3,"Cannot resolve move=H2+3, side=red, candidates=[(9, 7)]"
57381202,1,red,A4+5,"Cannot resolve move=A4+5, side=red, candidates=[(9, 5)]"
57381203,1,red,E7+5,"Cannot resolve move=E7+5, side=red, candidates=[(9, 2)]"
57381204,2,red,H2+3,"Cannot resolve move=H2+3, side=red, candidates=[(9, 7)]"
57381205,1,black,h8+7,"Cannot resolve move=h8+7, side=black, candidates=[(0, 7)]"
57381206,1,red,H8+7,"Cannot resolve move=H8+7, side=red, candidates=[(9, 1)]"
57381207,1,black,h8+7,"Cannot resolve move=h8+7, side=black, candidates=[(0, 7)]"
57381208,1,black,e3+5,"Cannot resolve move=e3+5, side=black, candidates=[(0, 2)]"
57381209,2,red,H8+7,"Cannot resolve move=H8+7, side=red, candidates=[(9, 1)]"
57381210,1,black,h2+3,"Cannot resolve move=h2+3, side=black, candidates=[(0, 1)]"
57381211,2,red,H2+3,"Cannot resolve move=H2+3, side=red, candidates=[(9, 7)]"
57381212,1,red,H2+3,"Cannot resolve move=H2+3, side=red, candidates=[(9, 7)]"
57381213,1,black,h2+3,"Cannot resolve move=h2+3, side=black, candidates=[(0, 1)]"
57381214,1,black,h8+7,"Cannot resolve move=h8+7, side=black, candidates=[(0, 7)]"
57381215,1,black,h2+3,"Cannot resolve move=h2+3, side=black, candidates=[(0, 1)]"
57381216,2,black,a4+5,"Cannot resolve move=a4+5, side=black, candidates=[(0, 3)]"
57381217,1,black,h8+7,"Cannot resolve move=h8+7, side=black, candidates=[(0, 7)]"
57381218,1,black,h8+7,"Cannot resolve move=h8+7, side=black, candidates=[(0, 7)]"
57381219,1,black,h2+3,"Cannot resolve move=h2+3, side=black, candidates=[(0, 1)]"
57381220,2,black,h8+7,"Cannot resolve move=h8+7, side=black, candidates=[(0, 7)]"
57381221,1,black,h2+3,"Cannot resolve move=h2+3, side=black, candidates=[(0, 1)]"
57381222,1,black,h8+7,"Cannot resolve move=h8+7, side=black, candidates=[(0, 7)]"
57381223,1,red,E3+5,"Cannot resolve move=E3+5, side=red, candidates=[(9, 6)]"
57381224,1,black,a6+5,"Cannot resolve move=a6+5, side=black, candidates=[(0, 5)]"
57381225,1,black,h2+3,"Cannot resolve move=h2+3, side=black, candidates=[(0, 1)]"
57381226,1,black,h2+3,"Cannot resolve move=h2+3, side=black, candidates=[(0, 1)]"
57381227,1,black,h8+7,"Cannot resolve move=h8+7, side=black, candidates=[(0, 7)]"
57381228,1,black,h8+7,"Cannot resolve move=h8+7, side=black, candidates=[(0, 7)]"
57381229,1,black,e3+5,"Cannot resolve move=e3+5, side=black, candidates=[(0, 2)]"
57381230,2,black,a4+5,"Cannot resolve move=a4+5, side=black, candidates=[(0, 3)]"
57381231,1,black,h2+3,"Cannot resolve move=h2+3, side=black, candidates=[(0, 1)]"
57381232,2,red,H2+3,"Cannot resolve move=H2+3, side=red, candidates=[(9, 7)]"
57381233,1,red,E7+5,"Cannot resolve move=E7+5, side=red, candidates=[(9, 2)]"
57381234,1,black,h2+3,"Cannot resolve move=h2+3, side=black, candidates=[(0, 1)]"
57381235,1,black,e3+5,"Cannot resolve move=e3+5, side=black, candidates=[(0, 2)]"
57381236,2,red,H2+3,"Cannot resolve move=H2+3, side=red, candidates=[(9, 7)]"
57381237,2,red,H8+7,"Cannot resolve move=H8+7, side=red, candidates=[(9, 1)]"
57381238,2,red,H2+3,"Cannot resolve move=H2+3, side=red, candidates=[(9, 7)]"
57381239,1,black,e3+5,"Cannot resolve move=e3+5, side=black, candidates=[(0, 2)]"
57381240,1,black,h2+3,"Cannot resolve move=h2+3, side=black, candidates=[(0, 1)]"
57381241,1,black,h2+3,"Cannot resolve move=h2+3, side=black, candidates=[(0, 1)]"
57381242,1,black,h8+7,"Cannot resolve move=h8+7, side=black, candidates=[(0, 7)]"
57381243,1,red,E3+5,"Cannot resolve move=E3+5, side=red, candidates=[(9, 6)]"
57381244,1,red,A4+5,"Cannot resolve move=A4+5, side=red, candidates=[(9, 5)]"
57381245,1,black,h8+7,"Cannot resolve move=h8+7, side=black, candidates=[(0, 7)]"
57381246,1,black,h8+7,"Cannot resolve move=h8+7, side=black, candidates=[(0, 7)]"
57381247,2,black,h8+7,"Cannot resolve move=h8+7, side=black, candidates=[(0, 7)]"
57381248,2,red,H8+7,"Cannot resolve move=H8+7, side=red, candidates=[(9, 1)]"
57381249,1,red,H8+7,"Cannot resolve move=H8+7, side=red, candidates=[(9, 1)]"
57381250,1,black,h2+3,"Cannot resolve move=h2+3, side=black, candidates=[(0, 1)]"
57381251,1,black,e7+5,"Cannot resolve move=e7+5, side=black, candidates=[(0, 6)]"
57381252,2,red,H2+3,"Cannot resolve move=H2+3, side=red, candidates=[(9, 7)]"
57381253,2,red,H8+7,"Cannot resolve move=H8+7, side=red, candidates=[(9, 1)]"
57381254,1,black,e7+5,"Cannot resolve move=e7+5, side=black, candidates=[(0, 6)]"
57381255,1,red,E7+5,"Cannot resolve move=E7+5, side=red, candidates=[(9, 2)]"
57381256,2,red,H2+3,"Cannot resolve move=H2+3, side=red, candidates=[(9, 7)]"
57381257,2,red,H2+3,"Cannot resolve move=H2+3, side=red, candidates=[(9, 7)]"
57381258,1,red,E3+5,"Cannot resolve move=E3+5, side=red, candidates=[(9, 6)]"
57381259,1,black,h2+3,"Cannot resolve move=h2+3, side=black, candidates=[(0, 1)]"
57381260,2,red,H8+7,"Cannot resolve move=H8+7, side=red, candidates=[(9, 1)]"
57381261,1,black,h2+3,"Cannot resolve move=h2+3, side=black, candidates=[(0, 1)]"
57381262,2,red,E7+5,"Cannot resolve move=E7+5, side=red, candidates=[(9, 2)]"
57381263,2,red,H8+7,"Cannot resolve move=H8+7, side=red, candidates=[(9, 1)]"
57381264,1,red,E7+5,"Cannot resolve move=E7+5, side=red, candidates=[(9, 2)]"
57381265,2,red,H2+3,"Cannot resolve move=H2+3, side=red, candidates=[(9, 7)]"
57381266,2,red,H8+7,"Cannot resolve move=H8+7, side=red, candidates=[(9, 1)]"
57381267,2,red,H8+7,"Cannot resolve move=H8+7, side=red, candidates=[(9, 1)]"
57381268,2,red,H8+9,"Cannot resolve move=H8+9, side=red, candidates=[(9, 1)]"
57381269,1,black,h8+7,"Cannot resolve move=h8+7, side=black, candidates=[(0, 7)]"
57381271,1,black,e3+5,"Cannot resolve move=e3+5, side=black, candidates=[(0, 2)]"
57381272,1,black,h8+7,"Cannot resolve move=h8+7, side=black, candidates=[(0, 7)]"
57381273,1,black,h8+7,"Cannot resolve move=h8+7, side=black, candidates=[(0, 7)]"
57381274,1,black,a6+5,"Cannot resolve move=a6+5, side=black, candidates=[(0, 5)]"
57381275,1,black,e7+5,"Cannot resolve move=e7+5, side=black, candidates=[(0, 6)]"
57381276,1,red,E7+5,"Cannot resolve move=E7+5, side=red, candidates=[(9, 2)]"
57381277,2,red,H2+3,"Cannot resolve move=H2+3, side=red, candidates=[(9, 7)]"
57381278,2,red,H8+7,"Cannot resolve move=H8+7, side=red, candidates=[(9, 1)]"
57381279,1,red,E3+5,"Cannot resolve move=E3+5, side=red, candidates=[(9, 6)]"
57381281,1,black,e3+5,"Cannot resolve move=e3+5, side=black, candidates=[(0, 2)]"
57381282,2,red,H8+7,"Cannot resolve move=H8+7, side=red, candidates=[(9, 1)]"
57381283,1,red,E7+5,"Cannot resolve move=E7+5, side=red, candidates=[(9, 2)]"
57381284,2,black,h8+9,"Cannot resolve move=h8+9, side=black, candidates=[(0, 7)]"
57381285,1,red,H2+3,"Cannot resolve move=H2+3, side=red, candidates=[(9, 7)]"
57381286,1,red,E3+5,"Cannot resolve move=E3+5, side=red, candidates=[(9, 6)]"
57381287,1,red,A6+5,"Cannot resolve move=A6+5, side=red, candidates=[(9, 3)]"
57381288,2,red,H2+3,"Cannot resolve move=H2+3, side=red, candidates=[(9, 7)]"
57381289,2,red,H2+3,"Cannot resolve move=H2+3, side=red, candidates=[(9, 7)]"
57381290,1,red,H8+7,"Cannot resolve move=H8+7, side=red, candidates=[(9, 1)]"
57381291,1,black,h8+7,"Cannot resolve move=h8+7, side=black, candidates=[(0, 7)]"
57381292,2,red,H2+3,"Cannot resolve move=H2+3, side=red, candidates=[(9, 7)]"
57381293,1,black,e7+5,"Cannot resolve move=e7+5, side=black, candidates=[(0, 6)]"
57381294,1,black,h8+7,"Cannot resolve move=h8+7, side=black, candidates=[(0, 7)]"
57381295,2,red,H8+7,"Cannot resolve move=H8+7, side=red, candidates=[(9, 1)]"
57381296,2,red,H2+3,"Cannot resolve move=H2+3, side=red, candidates=[(9, 7)]"
57381297,2,red,H2+3,"Cannot resolve move=H2+3, side=red, candidates=[(9, 7)]"
57381298,1,black,h8+7,"Cannot resolve move=h8+7, side=black, candidates=[(0, 7)]"
57381299,2,red,H8+7,"Cannot resolve move=H8+7, side=red, candidates=[(9, 1)]"
57381300,2,red,H8+7,"Cannot resolve move=H8+7, side=red, candidates=[(9, 1)]"
57381301,2,red,H8+7,"Cannot resolve move=H8+7, side=red, candidates=[(9, 1)]"
57381302,1,black,h2+3,"Cannot resolve move=h2+3, side=black, candidates=[(0, 1)]"
57381303,2,red,H2+3,"Cannot resolve move=H2+3, side=red, candidates=[(9, 7)]"
57381304,1,red,H2+3,"Cannot resolve move=H2+3, side=red, candidates=[(9, 7)]"
57381305,1,black,h8+7,"Cannot resolve move=h8+7, side=black, candidates=[(0, 7)]"
57381306,2,red,H2+3,"Cannot resolve move=H2+3, side=red, candidates=[(9, 7)]"
57381307,2,red,E3+5,"Cannot resolve move=E3+5, side=red, candidates=[(9, 6)]"
57381308,1,black,h8+7,"Cannot resolve move=h8+7, side=black, candidates=[(0, 7)]"
57381309,1,red,H8+7,"Cannot resolve move=H8+7, side=red, candidates=[(9, 1)]"
57381310,1,black,h8+7,"Cannot resolve move=h8+7, side=black, candidates=[(0, 7)]"
57381311,2,red,H2+3,"Cannot resolve move=H2+3, side=red, candidates=[(9, 7)]"
57381312,1,red,E7+5,"Cannot resolve move=E7+5, side=red, candidates=[(9, 2)]"
57381313,1,black,e7+5,"Cannot resolve move=e7+5, side=black, candidates=[(0, 6)]"
57381314,1,red,E3+5,"Cannot resolve move=E3+5, side=red, candidates=[(9, 6)]"
57381315,1,black,h8+7,"Cannot resolve move=h8+7, side=black, candidates=[(0, 7)]"
57381316,2,red,H8+7,"Cannot resolve move=H8+7, side=red, candidates=[(9, 1)]"
57381317,1,red,H2+3,"Cannot resolve move=H2+3, side=red, candidates=[(9, 7)]"
57381318,1,black,h2+3,"Cannot resolve move=h2+3, side=black, candidates=[(0, 1)]"
57381319,1,black,h2+3,"Cannot resolve move=h2+3, side=black, candidates=[(0, 1)]"
57381320,1,black,e3+5,"Cannot resolve move=e3+5, side=black, candidates=[(0, 2)]"
57381321,2,red,H8+7,"Cannot resolve move=H8+7, side=red, candidates=[(9, 1)]"
57381322,1,red,A4+5,"Cannot resolve move=A4+5, side=red, candidates=[(9, 5)]"
57381323,2,black,h8+7,"Cannot resolve move=h8+7, side=black, candidates=[(0, 7)]"
57381324,2,black,h2+3,"Cannot resolve move=h2+3, side=black, candidates=[(0, 1)]"
57381325,1,red,E7+5,"Cannot resolve move=E7+5, side=red, candidates=[(9, 2)]"
57381326,1,red,E3+5,"Cannot resolve move=E3+5, side=red, candidates=[(9, 6)]"
57381327,1,black,h8+7,"Cannot resolve move=h8+7, side=black, candidates=[(0, 7)]"
57381328,1,black,h8+7,"Cannot resolve move=h8+7, side=black, candidates=[(0, 7)]"
57381329,2,red,H8+7,"Cannot resolve move=H8+7, side=red, candidates=[(9, 1)]"
57381330,2,red,H2+3,"Cannot resolve move=H2+3, side=red, candidates=[(9, 7)]"
57381331,2,black,a4+5,"Cannot resolve move=a4+5, side=black, candidates=[(0, 3)]"
57381332,1,black,h8+7,"Cannot resolve move=h8+7, side=black, candidates=[(0, 7)]"
57381333,1,black,h2+3,"Cannot resolve move=h2+3, side=black, candidates=[(0, 1)]"
57381334,2,red,H2+3,"Cannot resolve move=H2+3, side=red, candidates=[(9, 7)]"
57381335,1,black,h2+3,"Cannot resolve move=h2+3, side=black, candidates=[(0, 1)]"
57381336,1,black,h8+7,"Cannot resolve move=h8+7, side=black, candidates=[(0, 7)]"
57381337,1,black,h8+7,"Cannot resolve move=h8+7, side=black, candidates=[(0, 7)]"
57381338,1,black,h8+7,"Cannot resolve move=h8+7, side=black, candidates=[(0, 7)]"
57381339,1,red,A6+5,"Cannot resolve move=A6+5, side=red, candidates=[(9, 3)]"
57381340,1,black,e3+5,"Cannot resolve move=e3+5, side=black, candidates=[(0, 2)]"
57381341,2,red,H8+7,"Cannot resolve move=H8+7, side=red, candidates=[(9, 1)]"
57381342,1,black,h2+3,"Cannot resolve move=h2+3, side=black, candidates=[(0, 1)]"
57381343,2,black,a4+5,"Cannot resolve move=a4+5, side=black, candidates=[(0, 3)]"
57381344,1,black,h2+3,"Cannot resolve move=h2+3, side=black, candidates=[(0, 1)]"
57381345,2,red,H2+3,"Cannot resolve move=H2+3, side=red, candidates=[(9, 7)]"
57381346,2,red,H2+3,"Cannot resolve move=H2+3, side=red, candidates=[(9, 7)]"
57381347,1,red,H2+3,"Cannot resolve move=H2+3, side=red, candidates=[(9, 7)]"
57381348,1,black,h2+3,"Cannot resolve move=h2+3, side=black, candidates=[(0, 1)]"
57381349,2,red,H8+7,"Cannot resolve move=H8+7, side=red, candidates=[(9, 1)]"
57381350,1,red,H2+3,"Cannot resolve move=H2+3, side=red, candidates=[(9, 7)]"
57381351,1,red,H2+3,"Cannot resolve move=H2+3, side=red, candidates=[(9, 7)]"
57381352,2,red,H8+7,"Cannot resolve move=H8+7, side=red, candidates=[(9, 1)]"
57381353,1,red,E3+5,"Cannot resolve move=E3+5, side=red, candidates=[(9, 6)]"
57381354,1,black,h2+3,"Cannot resolve move=h2+3, side=black, candidates=[(0, 1)]"
57381355,1,red,E3+5,"Cannot resolve move=E3+5, side=red, candidates=[(9, 6)]"
57381356,2,black,a4+5,"Cannot resolve move=a4+5, side=black, candidates=[(0, 3)]"
57381357,1,red,E3+5,"Cannot resolve move=E3+5, side=red, candidates=[(9, 6)]"
57381358,1,red,E3+5,"Cannot resolve move=E3+5, side=red, candidates=[(9, 6)]"
57381359,2,red,H2+3,"Cannot resolve move=H2+3, side=red, candidates=[(9, 7)]"
57381360,1,black,h8+7,"Cannot resolve move=h8+7, side=black, candidates=[(0, 7)]"
57381361,1,red,H8+7,"Cannot resolve move=H8+7, side=red, candidates=[(9, 1)]"
57381362,1,black,h2+3,"Cannot resolve move=h2+3, side=black, candidates=[(0, 1)]"
57381363,1,black,a6+5,"Cannot resolve move=a6+5, side=black, candidates=[(0, 5)]"
57381364,1,red,A6+5,"Cannot resolve move=A6+5, side=red, candidates=[(9, 3)]"
57381365,1,red,H2+3,"Cannot resolve move=H2+3, side=red, candidates=[(9, 7)]"
57381366,2,red,H8+7,"Cannot resolve move=H8+7, side=red, candidates=[(9, 1)]"
57381367,1,black,h2+3,"Cannot resolve move=h2+3, side=black, candidates=[(0, 1)]"
57381368,2,red,H2+3,"Cannot resolve move=H2+3, side=red, candidates=[(9, 7)]"
57381369,2,red,H2+3,"Cannot resolve move=H2+3, side=red, candidates=[(9, 7)]"
57381370,1,red,E3+5,"Cannot resolve move=E3+5, side=red, candidates=[(9, 6)]"
57381371,1,black,h2+3,"Cannot resolve move=h2+3, side=black, candidates=[(0, 1)]"
57381372,2,red,H2+3,"Cannot resolve move=H2+3, side=red, candidates=[(9, 7)]"
57381373,1,red,H8+7,"Cannot resolve move=H8+7, side=red, candidates=[(9, 1)]"
57381374,2,black,a4+5,"Cannot resolve move=a4+5, side=black, candidates=[(0, 3)]"
57381375,2,red,H8+7,"Cannot resolve move=H8+7, side=red, candidates=[(9, 1)]"
57381376,1,red,E3+5,"Cannot resolve move=E3+5, side=red, candidates=[(9, 6)]"
57381377,2,red,H8+7,"Cannot resolve move=H8+7, side=red, candidates=[(9, 1)]"
57381378,1,black,h2+3,"Cannot resolve move=h2+3, side=black, candidates=[(0, 1)]"
57381379,1,black,h2+3,"Cannot resolve move=h2+3, side=black, candidates=[(0, 1)]"
57381380,1,red,A4+5,"Cannot resolve move=A4+5, side=red, candidates=[(9, 5)]"
57381381,1,red,E7+5,"Cannot resolve move=E7+5, side=red, candidates=[(9, 2)]"
57381382,1,black,h2+3,"Cannot resolve move=h2+3, side=black, candidates=[(0, 1)]"
57381383,1,black,h2+3,"Cannot resolve move=h2+3, side=black, candidates=[(0, 1)]"
57381384,2,red,H2+3,"Cannot resolve move=H2+3, side=red, candidates=[(9, 7)]"
57381385,2,red,H8+7,"Cannot resolve move=H8+7, side=red, candidates=[(9, 1)]"
57381386,1,red,E7+5,"Cannot resolve move=E7+5, side=red, candidates=[(9, 2)]"
57381387,2,red,H8+7,"Cannot resolve move=H8+7, side=red, candidates=[(9, 1)]"
57381388,2,red,H8+7,"Cannot resolve move=H8+7, side=red, candidates=[(9, 1)]"
57381389,1,red,H8+7,"Cannot resolve move=H8+7, side=red, candidates=[(9, 1)]"
57381391,2,red,H8+7,"Cannot resolve move=H8+7, side=red, candidates=[(9, 1)]"
57381392,2,red,H2+3,"Cannot resolve move=H2+3, side=red, candidates=[(9, 7)]"
57381393,1,black,h2+3,"Cannot resolve move=h2+3, side=black, candidates=[(0, 1)]"
57381394,2,red,H2+3,"Cannot resolve move=H2+3, side=red, candidates=[(9, 7)]"
57381395,1,red,A6+5,"Cannot resolve move=A6+5, side=red, candidates=[(9, 3)]"
57381396,1,red,E7+5,"Cannot resolve move=E7+5, side=red, candidates=[(9, 2)]"
57381397,1,black,h8+7,"Cannot resolve move=h8+7, side=black, candidates=[(0, 7)]"
57381398,2,red,H2+3,"Cannot resolve move=H2+3, side=red, candidates=[(9, 7)]"
57381399,1,black,h2+3,"Cannot resolve move=h2+3, side=black, candidates=[(0, 1)]"
57381400,1,red,H2+3,"Cannot resolve move=H2+3, side=red, candidates=[(9, 7)]"
57381401,2,red,H2+3,"Cannot resolve move=H2+3, side=red, candidates=[(9, 7)]"
57381402,1,black,h8+7,"Cannot resolve move=h8+7, side=black, candidates=[(0, 7)]"
57381403,1,black,h8+7,"Cannot resolve move=h8+7, side=black, candidates=[(0, 7)]"
57381404,1,black,e3+5,"Cannot resolve move=e3+5, side=black, candidates=[(0, 2)]"
57381405,2,red,H2+3,"Cannot resolve move=H2+3, side=red, candidates=[(9, 7)]"
57381406,1,black,h2+3,"Cannot resolve move=h2+3, side=black, candidates=[(0, 1)]"
57381407,1,red,E3+5,"Cannot resolve move=E3+5, side=red, candidates=[(9, 6)]"
57381408,2,black,h2+3,"Cannot resolve move=h2+3, side=black, candidates=[(0, 1)]"
57381409,2,black,a4+5,"Cannot resolve move=a4+5, side=black, candidates=[(0, 3)]"
57381411,1,red,K5+1,"Cannot resolve move=K5+1, side=red, candidates=[(9, 4)]"
57381412,2,red,E3+5,"Cannot resolve move=E3+5, side=red, candidates=[(9, 6)]"
57381413,1,black,h2+3,"Cannot resolve move=h2+3, side=black, candidates=[(0, 1)]"
57381414,2,red,H2+3,"Cannot resolve move=H2+3, side=red, candidates=[(9, 7)]"
57381415,1,red,E7+5,"Cannot resolve move=E7+5, side=red, candidates=[(9, 2)]"
57381416,1,black,h8+7,"Cannot resolve move=h8+7, side=black, candidates=[(0, 7)]"
57381417,1,red,H2+3,"Cannot resolve move=H2+3, side=red, candidates=[(9, 7)]"
57381418,2,red,H2+3,"Cannot resolve move=H2+3, side=red, candidates=[(9, 7)]"
57381419,2,red,H8+7,"Cannot resolve move=H8+7, side=red, candidates=[(9, 1)]"
57381420,2,black,a4+5,"Cannot resolve move=a4+5, side=black, candidates=[(0, 3)]"
57381421,1,black,e7+5,"Cannot resolve move=e7+5, side=black, candidates=[(0, 6)]"
57381422,1,black,h8+7,"Cannot resolve move=h8+7, side=black, candidates=[(0, 7)]"
57381423,2,red,H2+3,"Cannot resolve move=H2+3, side=red, candidates=[(9, 7)]"
57381424,2,red,H2+3,"Cannot resolve move=H2+3, side=red, candidates=[(9, 7)]"
57381425,1,black,h8+7,"Cannot resolve move=h8+7, side=black, candidates=[(0, 7)]"
57381426,2,red,H8+7,"Cannot resolve move=H8+7, side=red, candidates=[(9, 1)]"
57381427,2,red,H8+7,"Cannot resolve move=H8+7, side=red, candidates=[(9, 1)]"
57381428,1,black,h8+7,"Cannot resolve move=h8+7, side=black, candidates=[(0, 7)]"
57381429,1,black,a4+5,"Cannot resolve move=a4+5, side=black, candidates=[(0, 3)]"
57381430,1,black,e3+5,"Cannot resolve move=e3+5, side=black, candidates=[(0, 2)]"
57381431,1,black,e7+5,"Cannot resolve move=e7+5, side=black, candidates=[(0, 6)]"
57381432,1,red,E3+5,"Cannot resolve move=E3+5, side=red, candidates=[(9, 6)]"
57381433,2,red,H2+3,"Cannot resolve move=H2+3, side=red, candidates=[(9, 7)]"
57381434,1,black,h2+3,"Cannot resolve move=h2+3, side=black, candidates=[(0, 1)]"
57381435,1,black,e7+5,"Cannot resolve move=e7+5, side=black, candidates=[(0, 6)]"
57381436,2,red,H8+7,"Cannot resolve move=H8+7, side=red, candidates=[(9, 1)]"
57381437,1,black,h2+3,"Cannot resolve move=h2+3, side=black, candidates=[(0, 1)]"
57381438,2,red,H8+7,"Cannot resolve move=H8+7, side=red, candidates=[(9, 1)]"
57381439,2,red,H2+3,"Cannot resolve move=H2+3, side=red, candidates=[(9, 7)]"
57381440,1,black,h8+7,"Cannot resolve move=h8+7, side=black, candidates=[(0, 7)]"
57381441,1,black,h2+3,"Cannot resolve move=h2+3, side=black, candidates=[(0, 1)]"
57381442,2,red,H8+7,"Cannot resolve move=H8+7, side=red, candidates=[(9, 1)]"
57381443,1,black,a4+5,"Cannot resolve move=a4+5, side=black, candidates=[(0, 3)]"
57381444,1,black,e3+5,"Cannot resolve move=e3+5, side=black, candidates=[(0, 2)]"
57381445,1,black,h8+7,"Cannot resolve move=h8+7, side=black, candidates=[(0, 7)]"
57381446,1,black,e7+5,"Cannot resolve move=e7+5, side=black, candidates=[(0, 6)]"
57381447,2,red,H2+3,"Cannot resolve move=H2+3, side=red, candidates=[(9, 7)]"
57381448,2,red,H8+7,"Cannot resolve move=H8+7, side=red, candidates=[(9, 1)]"
57381449,2,red,H2+3,"Cannot resolve move=H2+3, side=red, candidates=[(9, 7)]"
57381450,1,black,h8+7,"Cannot resolve move=h8+7, side=black, candidates=[(0, 7)]"
57381451,1,black,e7+5,"Cannot resolve move=e7+5, side=black, candidates=[(0, 6)]"
57381452,1,black,h8+7,"Cannot resolve move=h8+7, side=black, candidates=[(0, 7)]"
57381453,2,red,H8+7,"Cannot resolve move=H8+7, side=red, candidates=[(9, 1)]"
57381454,1,red,E7+5,"Cannot resolve move=E7+5, side=red, candidates=[(9, 2)]"
57381455,1,red,E3+5,"Cannot resolve move=E3+5, side=red, candidates=[(9, 6)]"
57381456,2,red,H2+3,"Cannot resolve move=H2+3, side=red, candidates=[(9, 7)]"
57381457,1,black,e7+5,"Cannot resolve move=e7+5, side=black, candidates=[(0, 6)]"
57381458,1,black,a6+5,"Cannot resolve move=a6+5, side=black, candidates=[(0, 5)]"
57381459,1,black,h2+3,"Cannot resolve move=h2+3, side=black, candidates=[(0, 1)]"
57381460,1,red,E7+5,"Cannot resolve move=E7+5, side=red, candidates=[(9, 2)]"
57381461,2,red,H8+7,"Cannot resolve move=H8+7, side=red, candidates=[(9, 1)]"
57381462,1,black,e7+5,"Cannot resolve move=e7+5, side=black, candidates=[(0, 6)]"
57381463,2,red,A4+5,"Cannot resolve move=A4+5, side=red, candidates=[(9, 5)]"
57381464,1,black,h8+7,"Cannot resolve move=h8+7, side=black, candidates=[(0, 7)]"
57381465,1,black,h8+7,"Cannot resolve move=h8+7, side=black, candidates=[(0, 7)]"
57381466,1,black,h8+7,"Cannot resolve move=h8+7, side=black, candidates=[(0, 7)]"
57381467,1,red,E3+5,"Cannot resolve move=E3+5, side=red, candidates=[(9, 6)]"
57381468,1,red,E3+5,"Cannot resolve move=E3+5, side=red, candidates=[(9, 6)]"
57381469,1,red,H8+7,"Cannot resolve move=H8+7, side=red, candidates=[(9, 1)]"
57381470,1,black,e3+5,"Cannot resolve move=e3+5, side=black, candidates=[(0, 2)]"
57381471,1,red,E3+5,"Cannot resolve move=E3+5, side=red, candidates=[(9, 6)]"
57381472,1,black,h8+7,"Cannot resolve move=h8+7, side=black, candidates=[(0, 7)]"
57381473,1,black,h8+7,"Cannot resolve move=h8+7, side=black, candidates=[(0, 7)]"
57381474,1,black,h2+3,"Cannot resolve move=h2+3, side=black, candidates=[(0, 1)]"
57381475,2,red,H8+7,"Cannot resolve move=H8+7, side=red, candidates=[(9, 1)]"
57381476,1,red,H2+3,"Cannot resolve move=H2+3, side=red, candidates=[(9, 7)]"
57381477,2,red,H2+3,"Cannot resolve move=H2+3, side=red, candidates=[(9, 7)]"
57381478,2,black,a6+5,"Cannot resolve move=a6+5, side=black, candidates=[(0, 5)]"
57381479,1,black,e3+5,"Cannot resolve move=e3+5, side=black, candidates=[(0, 2)]"
57381480,2,red,H2+3,"Cannot resolve move=H2+3, side=red, candidates=[(9, 7)]"
57381481,1,black,h2+3,"Cannot resolve move=h2+3, side=black, candidates=[(0, 1)]"
57381482,1,red,H2+3,"Cannot resolve move=H2+3, side=red, candidates=[(9, 7)]"
57381483,2,red,H2+3,"Cannot resolve move=H2+3, side=red, candidates=[(9, 7)]"
57381484,2,red,H8+7,"Cannot resolve move=H8+7, side=red, candidates=[(9, 1)]"
57381485,1,black,h2+3,"Cannot resolve move=h2+3, side=black, candidates=[(0, 1)]"
57381486,2,black,h8+7,"Cannot resolve move=h8+7, side=black, candidates=[(0, 7)]"
57381487,1,black,h8+7,"Cannot resolve move=h8+7, side=black, candidates=[(0, 7)]"
57381488,2,red,H2+3,"Cannot resolve move=H2+3, side=red, candidates=[(9, 7)]"
57381489,2,red,H8+7,"Cannot resolve move=H8+7, side=red, candidates=[(9, 1)]"
57381490,1,red,E3+5,"Cannot resolve move=E3+5, side=red, candidates=[(9, 6)]"
57381491,2,red,H8+7,"Cannot resolve move=H8+7, side=red, candidates=[(9, 1)]"
57381492,1,black,h8+7,"Cannot resolve move=h8+7, side=black, candidates=[(0, 7)]"
57381493,1,black,e3+5,"Cannot resolve move=e3+5, side=black, candidates=[(0, 2)]"
57381494,1,black,h2+3,"Cannot resolve move=h2+3, side=black, candidates=[(0, 1)]"
57381495,1,red,H8+7,"Cannot resolve move=H8+7, side=red, candidates=[(9, 1)]"
57381496,1,red,E7+5,"Cannot resolve move=E7+5, side=red, candidates=[(9, 2)]"
57381497,1,red,H8+7,"Cannot resolve move=H8+7, side=red, candidates=[(9, 1)]"
57381498,1,black,h8+7,"Cannot resolve move=h8+7, side=black, candidates=[(0, 7)]"
57381499,2,red,H2+3,"Cannot resolve move=H2+3, side=red, candidates=[(9, 7)]"
57381500,2,red,H2+3,"Cannot resolve move=H2+3, side=red, candidates=[(9, 7)]"
57381501,1,black,h8+7,"Cannot resolve move=h8+7, side=black, candidates=[(0, 7)]"
57381502,2,red,H8+7,"Cannot resolve move=H8+7, side=red, candidates=[(9, 1)]"
57381503,1,red,E3+5,"Cannot resolve move=E3+5, side=red, candidates=[(9, 6)]"
57381504,2,red,H2+3,"Cannot resolve move=H2+3, side=red, candidates=[(9, 7)]"
57381505,1,black,h8+7,"Cannot resolve move=h8+7, side=black, candidates=[(0, 7)]"
57381507,1,red,H8+7,"Cannot resolve move=H8+7, side=red, candidates=[(9, 1)]"
57381508,2,red,A6+5,"Cannot resolve move=A6+5, side=red, candidates=[(9, 3)]"
57381509,1,black,h2+3,"Cannot resolve move=h2+3, side=black, candidates=[(0, 1)]"
57381510,1,black,e7+5,"Cannot resolve move=e7+5, side=black, candidates=[(0, 6)]"
57381511,1,black,e3+5,"Cannot resolve move=e3+5, side=black, candidates=[(0, 2)]"
57381513,1,black,h2+3,"Cannot resolve move=h2+3, side=black, candidates=[(0, 1)]"
57381514,1,black,e3+5,"Cannot resolve move=e3+5, side=black, candidates=[(0, 2)]"
57381515,2,red,H8+7,"Cannot resolve move=H8+7, side=red, candidates=[(9, 1)]"
57381516,1,black,h2+3,"Cannot resolve move=h2+3, side=black, candidates=[(0, 1)]"
57381517,1,black,h8+7,"Cannot resolve move=h8+7, side=black, candidates=[(0, 7)]"
57381518,2,red,H8+7,"Cannot resolve move=H8+7, side=red, candidates=[(9, 1)]"
57381519,1,red,H2+3,"Cannot resolve move=H2+3, side=red, candidates=[(9, 7)]"
57381520,2,red,H2+3,"Cannot resolve move=H2+3, side=red, candidates=[(9, 7)]"
57381521,1,black,h8+7,"Cannot resolve move=h8+7, side=black, candidates=[(0, 7)]"
57381522,2,red,H8+7,"Cannot resolve move=H8+7, side=red, candidates=[(9, 1)]"
57381523,1,black,e3+5,"Cannot resolve move=e3+5, side=black, candidates=[(0, 2)]"
57381525,1,black,h2+3,"Cannot resolve move=h2+3, side=black, candidates=[(0, 1)]"
57381526,1,black,e3+5,"Cannot resolve move=e3+5, side=black, candidates=[(0, 2)]"
57381527,2,red,H2+3,"Cannot resolve move=H2+3, side=red, candidates=[(9, 7)]"
57381528,1,red,H2+3,"Cannot resolve move=H2+3, side=red, candidates=[(9, 7)]"
57381529,3,black,a6+5,"Cannot resolve move=a6+5, side=black, candidates=[(0, 5)]"
57381530,1,red,H2+3,"Cannot resolve move=H2+3, side=red, candidates=[(9, 7)]"
57381532,1,red,H8+7,"Cannot resolve move=H8+7, side=red, candidates=[(9, 1)]"
57381533,1,red,E7+5,"Cannot resolve move=E7+5, side=red, candidates=[(9, 2)]"
57381534,2,red,H2+3,"Cannot resolve move=H2+3, side=red, candidates=[(9, 7)]"
57381535,2,red,H2+3,"Cannot resolve move=H2+3, side=red, candidates=[(9, 7)]"
57381536,2,red,H2+3,"Cannot resolve move=H2+3, side=red, candidates=[(9, 7)]"
57381537,1,black,h8+7,"Cannot resolve move=h8+7, side=black, candidates=[(0, 7)]"
57381538,1,black,h2+3,"Cannot resolve move=h2+3, side=black, candidates=[(0, 1)]"
57381539,1,red,A4+5,"Cannot resolve move=A4+5, side=red, candidates=[(9, 5)]"
57381540,1,black,h2+3,"Cannot resolve move=h2+3, side=black, candidates=[(0, 1)]"
57381541,2,red,H2+3,"Cannot resolve move=H2+3, side=red, candidates=[(9, 7)]"
57381542,2,red,H2+3,"Cannot resolve move=H2+3, side=red, candidates=[(9, 7)]"
57381543,1,black,a6+5,"Cannot resolve move=a6+5, side=black, candidates=[(0, 5)]"
57381544,1,black,h2+3,"Cannot resolve move=h2+3, side=black, candidates=[(0, 1)]"
57381545,1,black,e3+5,"Cannot resolve move=e3+5, side=black, candidates=[(0, 2)]"
57381546,1,black,h8+7,"Cannot resolve move=h8+7, side=black, candidates=[(0, 7)]"
57381547,1,black,h8+7,"Cannot resolve move=h8+7, side=black, candidates=[(0, 7)]"
57381548,1,red,A4+5,"Cannot resolve move=A4+5, side=red, candidates=[(9, 5)]"
57381549,1,red,H2+3,"Cannot resolve move=H2+3, side=red, candidates=[(9, 7)]"
57381550,2,red,H8+7,"Cannot resolve move=H8+7, side=red, candidates=[(9, 1)]"
57381551,1,red,E3+5,"Cannot resolve move=E3+5, side=red, candidates=[(9, 6)]"
57381552,2,red,H8+7,"Cannot resolve move=H8+7, side=red, candidates=[(9, 1)]"
57381553,1,black,e7+5,"Cannot resolve move=e7+5, side=black, candidates=[(0, 6)]"
57381554,1,red,E7+5,"Cannot resolve move=E7+5, side=red, candidates=[(9, 2)]"
57381555,4,black,h8+7,"Cannot resolve move=h8+7, side=black, candidates=[(0, 7)]"
57381556,2,black,h2+3,"Cannot resolve move=h2+3, side=black, candidates=[(0, 1)]"
57381557,1,red,E7+5,"Cannot resolve move=E7+5, side=red, candidates=[(9, 2)]"
57381558,2,red,H8+7,"Cannot resolve move=H8+7, side=red, candidates=[(9, 1)]"
57381559,1,red,E3+5,"Cannot resolve move=E3+5, side=red, candidates=[(9, 6)]"
57381560,1,red,E7+5,"Cannot resolve move=E7+5, side=red, candidates=[(9, 2)]"
57381561,2,red,H8+7,"Cannot resolve move=H8+7, side=red, candidates=[(9, 1)]"
57381562,1,black,h8+7,"Cannot resolve move=h8+7, side=black, candidates=[(0, 7)]"
57381563,2,red,H8+7,"Cannot resolve move=H8+7, side=red, candidates=[(9, 1)]"
57381564,1,red,E3+5,"Cannot resolve move=E3+5, side=red, candidates=[(9, 6)]"
57381565,2,red,H8+7,"Cannot resolve move=H8+7, side=red, candidates=[(9, 1)]"
57381566,1,red,E7+5,"Cannot resolve move=E7+5, side=red, candidates=[(9, 2)]"
57381567,2,red,A4+5,"Cannot resolve move=A4+5, side=red, candidates=[(9, 5)]"
57381568,1,black,a6+5,"Cannot resolve move=a6+5, side=black, candidates=[(0, 5)]"
57381569,2,red,H2+3,"Cannot resolve move=H2+3, side=red, candidates=[(9, 7)]"
57381570,2,red,H8+7,"Cannot resolve move=H8+7, side=red, candidates=[(9, 1)]"
57381571,2,red,H2+3,"Cannot resolve move=H2+3, side=red, candidates=[(9, 7)]"
57381572,1,black,e7+5,"Cannot resolve move=e7+5, side=black, candidates=[(0, 6)]"
57381573,1,black,h2+3,"Cannot resolve move=h2+3, side=black, candidates=[(0, 1)]"
57381574,1,black,h8+7,"Cannot resolve move=h8+7, side=black, candidates=[(0, 7)]"
57381575,1,black,e7+5,"Cannot resolve move=e7+5, side=black, candidates=[(0, 6)]"
57381576,1,black,h2+3,"Cannot resolve move=h2+3, side=black, candidates=[(0, 1)]"
57381577,1,red,H2+3,"Cannot resolve move=H2+3, side=red, candidates=[(9, 7)]"
57381578,1,red,H2+3,"Cannot resolve move=H2+3, side=red, candidates=[(9, 7)]"
57381579,1,black,h2+3,"Cannot resolve move=h2+3, side=black, candidates=[(0, 1)]"
57381580,2,black,e7+5,"Cannot resolve move=e7+5, side=black, candidates=[(0, 6)]"
57381581,1,red,E3+5,"Cannot resolve move=E3+5, side=red, candidates=[(9, 6)]"
57381582,1,red,H2+3,"Cannot resolve move=H2+3, side=red, candidates=[(9, 7)]"
57381583,1,black,h8+7,"Cannot resolve move=h8+7, side=black, candidates=[(0, 7)]"
57381584,1,black,h2+3,"Cannot resolve move=h2+3, side=black, candidates=[(0, 1)]"
57381585,2,red,H2+3,"Cannot resolve move=H2+3, side=red, candidates=[(9, 7)]"
57381586,2,black,a6+5,"Cannot resolve move=a6+5, side=black, candidates=[(0, 5)]"
57381587,2,black,e3+5,"Cannot resolve move=e3+5, side=black, candidates=[(0, 2)]"
57381588,1,red,E3+5,"Cannot resolve move=E3+5, side=red, candidates=[(9, 6)]"
57381589,3,black,h2+3,"Cannot resolve move=h2+3, side=black, candidates=[(0, 1)]"
57381590,2,red,H2+3,"Cannot resolve move=H2+3, side=red, candidates=[(9, 7)]"
57381591,2,red,H2+3,"Cannot resolve move=H2+3, side=red, candidates=[(9, 7)]"
57381592,2,red,H2+3,"Cannot resolve move=H2+3, side=red, candidates=[(9, 7)]"
57381593,1,black,h2+3,"Cannot resolve move=h2+3, side=black, candidates=[(0, 1)]"
57381594,2,red,H2+3,"Cannot resolve move=H2+3, side=red, candidates=[(9, 7)]"
57381595,1,black,e3+5,"Cannot resolve move=e3+5, side=black, candidates=[(0, 2)]"
57381596,2,red,H2+3,"Cannot resolve move=H2+3, side=red, candidates=[(9, 7)]"
57381597,1,black,h2+3,"Cannot resolve move=h2+3, side=black, candidates=[(0, 1)]"
57381598,1,black,h8+7,"Cannot resolve move=h8+7, side=black, candidates=[(0, 7)]"
57381599,1,black,h2+3,"Cannot resolve move=h2+3, side=black, candidates=[(0, 1)]"
57381600,2,red,H2+3,"Cannot resolve move=H2+3, side=red, candidates=[(9, 7)]"
57381601,2,red,H8+7,"Cannot resolve move=H8+7, side=red, candidates=[(9, 1)]"
57381602,2,red,H8+7,"Cannot resolve move=H8+7, side=red, candidates=[(9, 1)]"
57381603,1,red,H2+3,"Cannot resolve move=H2+3, side=red, candidates=[(9, 7)]"
57381604,2,black,h2+3,"Cannot resolve move=h2+3, side=black, candidates=[(0, 1)]"
57381605,1,black,h2+3,"Cannot resolve move=h2+3, side=black, candidates=[(0, 1)]"
57381606,1,black,h2+3,"Cannot resolve move=h2+3, side=black, candidates=[(0, 1)]"
57381607,1,black,h8+7,"Cannot resolve move=h8+7, side=black, candidates=[(0, 7)]"
57381608,1,black,h8+7,"Cannot resolve move=h8+7, side=black, candidates=[(0, 7)]"
57381609,2,red,H2+3,"Cannot resolve move=H2+3, side=red, candidates=[(9, 7)]"
57381610,1,red,E7+5,"Cannot resolve move=E7+5, side=red, candidates=[(9, 2)]"
57381611,2,red,H8+7,"Cannot resolve move=H8+7, side=red, candidates=[(9, 1)]"
57381612,1,black,e3+5,"Cannot resolve move=e3+5, side=black, candidates=[(0, 2)]"
57381613,1,black,h2+3,"Cannot resolve move=h2+3, side=black, candidates=[(0, 1)]"
57381614,2,red,H8+7,"Cannot resolve move=H8+7, side=red, candidates=[(9, 1)]"
57381615,1,red,E7+5,"Cannot resolve move=E7+5, side=red, candidates=[(9, 2)]"
57381616,1,black,h2+3,"Cannot resolve move=h2+3, side=black, candidates=[(0, 1)]"
57381617,2,red,H8+7,"Cannot resolve move=H8+7, side=red, candidates=[(9, 1)]"
57381618,1,black,h2+3,"Cannot resolve move=h2+3, side=black, candidates=[(0, 1)]"
57381619,1,red,E3+5,"Cannot resolve move=E3+5, side=red, candidates=[(9, 6)]"
57381620,3,red,H8+7,"Cannot resolve move=H8+7, side=red, candidates=[(9, 1)]"
57381621,2,red,H8+7,"Cannot resolve move=H8+7, side=red, candidates=[(9, 1)]"
57381622,1,black,h8+7,"Cannot resolve move=h8+7, side=black, candidates=[(0, 7)]"
57381623,2,red,H2+3,"Cannot resolve move=H2+3, side=red, candidates=[(9, 7)]"
57381624,1,black,e7+5,"Cannot resolve move=e7+5, side=black, candidates=[(0, 6)]"
57381625,1,red,E7+5,"Cannot resolve move=E7+5, side=red, candidates=[(9, 2)]"
57381626,2,red,H8+7,"Cannot resolve move=H8+7, side=red, candidates=[(9, 1)]"
57381627,2,red,H8+7,"Cannot resolve move=H8+7, side=red, candidates=[(9, 1)]"
57381628,1,black,h2+3,"Cannot resolve move=h2+3, side=black, candidates=[(0, 1)]"
57381629,2,red,H8+7,"Cannot resolve move=H8+7, side=red, candidates=[(9, 1)]"
57381630,2,red,H2+3,"Cannot resolve move=H2+3, side=red, candidates=[(9, 7)]"
57381631,1,black,h2+3,"Cannot resolve move=h2+3, side=black, candidates=[(0, 1)]"
57381632,1,red,H2+3,"Cannot resolve move=H2+3, side=red, candidates=[(9, 7)]"
57381633,2,red,H8+7,"Cannot resolve move=H8+7, side=red, candidates=[(9, 1)]"
57381634,1,black,h2+3,"Cannot resolve move=h2+3, side=black, candidates=[(0, 1)]"
57381635,1,black,h2+3,"Cannot resolve move=h2+3, side=black, candidates=[(0, 1)]"
57381636,1,red,A4+5,"Cannot resolve move=A4+5, side=red, candidates=[(9, 5)]"
57381637,1,black,h2+3,"Cannot resolve move=h2+3, side=black, candidates=[(0, 1)]"
57381638,2,black,a4+5,"Cannot resolve move=a4+5, side=black, candidates=[(0, 3)]"
57381639,2,red,H8+7,"Cannot resolve move=H8+7, side=red, candidates=[(9, 1)]"
57381640,1,red,A4+5,"Cannot resolve move=A4+5, side=red, candidates=[(9, 5)]"
57381641,1,red,E3+5,"Cannot resolve move=E3+5, side=red, candidates=[(9, 6)]"
57381642,2,red,H8+7,"Cannot resolve move=H8+7, side=red, candidates=[(9, 1)]"
57381643,1,black,h2+3,"Cannot resolve move=h2+3, side=black, candidates=[(0, 1)]"
57381644,2,red,H2+3,"Cannot resolve move=H2+3, side=red, candidates=[(9, 7)]"
57381645,2,red,H2+3,"Cannot resolve move=H2+3, side=red, candidates=[(9, 7)]"
57381646,1,red,H8+7,"Cannot resolve move=H8+7, side=red, candidates=[(9, 1)]"
57381647,1,black,e3+5,"Cannot resolve move=e3+5, side=black, candidates=[(0, 2)]"
57381648,2,red,H8+7,"Cannot resolve move=H8+7, side=red, candidates=[(9, 1)]"
57381649,2,red,H8+7,"Cannot resolve move=H8+7, side=red, candidates=[(9, 1)]"
57381650,1,black,h8+7,"Cannot resolve move=h8+7, side=black, candidates=[(0, 7)]"
57381651,1,black,h2+3,"Cannot resolve move=h2+3, side=black, candidates=[(0, 1)]"
57381652,1,red,E3+5,"Cannot resolve move=E3+5, side=red, candidates=[(9, 6)]"
57381653,1,black,h8+7,"Cannot resolve move=h8+7, side=black, candidates=[(0, 7)]"
57381654,1,red,E3+5,"Cannot resolve move=E3+5, side=red, candidates=[(9, 6)]"
57381655,1,black,h8+7,"Cannot resolve move=h8+7, side=black, candidates=[(0, 7)]"
57381656,1,red,H2+3,"Cannot resolve move=H2+3, side=red, candidates=[(9, 7)]"
57381657,1,red,E7+5,"Cannot resolve move=E7+5, side=red, candidates=[(9, 2)]"
57381658,1,red,E3+5,"Cannot resolve move=E3+5, side=red, candidates=[(9, 6)]"
57381659,2,red,H2+3,"Cannot resolve move=H2+3, side=red, candidates=[(9, 7)]"
57381660,2,red,H2+3,"Cannot resolve move=H2+3, side=red, candidates=[(9, 7)]"
57381661,2,red,H2+3,"Cannot resolve move=H2+3, side=red, candidates=[(9, 7)]"
57381662,2,black,h8+7,"Cannot resolve move=h8+7, side=black, candidates=[(0, 7)]"
57381663,1,black,h8+7,"Cannot resolve move=h8+7, side=black, candidates=[(0, 7)]"
57381664,1,black,h8+7,"Cannot resolve move=h8+7, side=black, candidates=[(0, 7)]"
57381665,1,red,H2+3,"Cannot resolve move=H2+3, side=red, candidates=[(9, 7)]"
57381666,2,red,H2+3,"Cannot resolve move=H2+3, side=red, candidates=[(9, 7)]"
57381667,1,black,h2+3,"Cannot resolve move=h2+3, side=black, candidates=[(0, 1)]"
57381668,1,red,H2+3,"Cannot resolve move=H2+3, side=red, candidates=[(9, 7)]"
57381669,1,black,h2+3,"Cannot resolve move=h2+3, side=black, candidates=[(0, 1)]"
57381670,2,red,H2+3,"Cannot resolve move=H2+3, side=red, candidates=[(9, 7)]"
57381671,2,red,H8+7,"Cannot resolve move=H8+7, side=red, candidates=[(9, 1)]"
57381672,1,black,h8+7,"Cannot resolve move=h8+7, side=black, candidates=[(0, 7)]"
57381673,1,black,h2+3,"Cannot resolve move=h2+3, side=black, candidates=[(0, 1)]"
57381674,2,red,H2+3,"Cannot resolve move=H2+3, side=red, candidates=[(9, 7)]"
57381675,2,red,H8+7,"Cannot resolve move=H8+7, side=red, candidates=[(9, 1)]"
57381676,1,black,h8+7,"Cannot resolve move=h8+7, side=black, candidates=[(0, 7)]"
57381677,2,red,H8+7,"Cannot resolve move=H8+7, side=red, candidates=[(9, 1)]"
57381678,1,red,H2+3,"Cannot resolve move=H2+3, side=red, candidates=[(9, 7)]"
57381679,1,black,e3+5,"Cannot resolve move=e3+5, side=black, candidates=[(0, 2)]"
57381680,1,black,e7+5,"Cannot resolve move=e7+5, side=black, candidates=[(0, 6)]"
57381681,1,red,E7+5,"Cannot resolve move=E7+5, side=red, candidates=[(9, 2)]"
57381682,1,black,e3+5,"Cannot resolve move=e3+5, side=black, candidates=[(0, 2)]"
57381683,1,black,h2+1,"Cannot resolve move=h2+1, side=black, candidates=[(0, 1)]"
57381684,1,black,h8+7,"Cannot resolve move=h8+7, side=black, candidates=[(0, 7)]"
57381685,2,red,H2+3,"Cannot resolve move=H2+3, side=red, candidates=[(9, 7)]"
57381686,2,red,H8+7,"Cannot resolve move=H8+7, side=red, candidates=[(9, 1)]"
57381687,1,red,E3+5,"Cannot resolve move=E3+5, side=red, candidates=[(9, 6)]"
57381688,2,red,H2+3,"Cannot resolve move=H2+3, side=red, candidates=[(9, 7)]"
57381689,1,red,H8+7,"Cannot resolve move=H8+7, side=red, candidates=[(9, 1)]"
